DayCount,Open,High,Low,Close,Volume (BTC),Volume (Currency),Weighted Price
1,769.57,772.22,769.03,771.9,315.89,243658.64,771.35
2,771.91,771.99,768.11,771.91,245.92,189703.49,771.41
3,771.98,773.91,770.77,773.5,860.35,664710.23,772.6
4,773.5,774.12,771.05,772.28,778.55,602082.65,773.34
5,772.28,772.28,765.32,766,451.13,346155.91,767.31
6,766,770.52,764.01,769.32,311.83,239003.43,766.45
7,769.6,769.99,766.17,767.89,408.72,314128.95,768.57
8,767.93,769.99,767,768.97,249.45,191689.13,768.45
9,768.97,770.99,768.96,769.8,478.36,368286.84,769.89
10,769.8,779,769.09,778.97,1186.01,919089.93,774.94
11,778.7,778.99,775.48,777.47,786.14,611402.83,777.72
12,777.2,778,776.5,776.9,354.67,275758.63,777.5
13,777,793.27,765.1,775.44,2230.62,1735185.05,777.89
14,773.36,780.38,773.36,777.24,927.5,720965.95,777.32
15,777.5,784,777.24,778.71,1256.14,979486.75,779.76
16,778.76,779.63,774.72,775.35,504.55,392731.33,778.38
17,775.75,778.98,771,778.6,574.5,445826.69,776.03
18,778.67,778.99,777,778.9,407.77,317278.06,778.09
19,778.9,781,770.74,775.74,854.68,664250.44,777.19
20,775.93,778.31,772.81,777.09,496.43,385040.14,775.62
21,777.03,778.94,771,776.21,672.03,522007.92,776.77
22,777,778.89,776.03,778.31,556.12,432529.21,777.77
23,778,779.08,776,778.39,721.08,560725.46,777.62
24,778.39,778.39,773.12,775.89,1090.6,845554.16,775.31
25,776.3,778.99,771.24,777.3,790.16,612665.42,775.37
26,778.07,780.3,774.29,780.26,1101.61,857304.31,778.23
27,780.26,782.46,778.28,779.48,982.47,767195.12,780.89
28,779.47,781.35,778.1,781.32,601.54,469263.44,780.11
29,781.32,790.88,780.36,787.22,1217.18,955189.17,784.75
30,787.22,789.71,782.08,786.32,547.25,431075.39,787.72
31,786,788,781.72,787.86,351.42,276096.32,785.67
32,787.85,789,787.2,788.52,273.92,216006.42,788.59
33,788.3,789.76,788.29,788.8,263.19,207646.4,788.95
34,788.8,790.99,788.79,790.89,590.32,466441.27,790.15
35,790.54,790.89,780,787.25,1258.31,988868.74,785.87
36,786.85,788.76,783.92,788.67,407.42,320208.96,785.94
37,788.34,794.32,788.32,793.61,1327.2,1051213.88,792.05
38,793.32,794.39,789.01,790.7,1379.41,1092747.09,792.18
39,791,791.73,787.01,790.15,920.57,727024.47,789.75
40,788.82,791.39,788.67,791,290.68,229663.42,790.08
41,791.03,791.03,787.69,791.01,328.36,259388.36,789.96
42,791.01,793,790,792.81,1013.07,802188.68,791.84
43,792.96,795,787.1,790.99,1292.37,1023883.58,792.25
44,790.99,803,790,798.65,1484.9,1182244.78,796.18
45,798.83,807.44,796.82,807.35,880.9,707875.63,803.59
46,807.35,810,805.14,809.89,1987.37,1606729.98,808.47
47,808.19,830.01,808.05,821.71,4718.47,3866185.38,819.37
48,821.65,834.97,818.5,832.75,1804.62,1487097.83,824.05
49,832.02,847,827.29,845.01,2453.71,2062675.84,840.64
50,845.01,875,836.95,860.31,4481.84,3842940.42,857.45
51,861.03,870,856,863.6,3733.98,3220689.09,862.53
52,862.74,863.99,858,859.96,1400.82,1205204.38,860.35
53,858.94,913.41,858.93,897.99,6026.11,5371830.91,891.43
54,897.97,912,892.01,905.24,3824.26,3452701.91,902.84
55,905.23,913.4,876.11,895.78,3875.69,3475261.79,896.68
56,894.61,920,885,914,2800.57,2537263.35,905.98
57,914.48,915.81,900,913.1,1556.72,1418104.85,910.96
58,913.67,918.5,891.98,897.88,1631.85,1477756.69,905.57
59,897.88,897.92,878.89,896.8,1854.92,1648435.24,888.68
60,896.79,899.73,890,892.61,982.96,880725.1,895.99
61,892.61,892.61,865,873.21,1601.87,1404530.27,876.81
62,872.71,873.03,859,865.36,1446.31,1249341.36,863.81
63,865.4,885.54,865,877.99,937.72,821231.04,875.77
64,878,894.97,877.25,890.67,672.34,596346.49,886.98
65,890.65,904.32,890.47,901.02,1483.05,1332693.6,898.62
66,901.41,905.18,888,890.67,888.49,799341.66,899.66
67,888.78,902.47,888,900.83,820.74,737693.7,898.81
68,900.83,902.43,895.01,897.1,275.27,247479.46,899.04
69,897.82,899.62,891,896.65,366.66,328572.13,896.13
70,897.72,920,896.89,916.23,2140.77,1948472.91,910.17
71,916.97,935,916.97,927.04,2955.75,2746465.77,929.19
72,928.69,936.42,922,930.34,1762.59,1641688.26,931.4
73,930.34,959.95,929.49,958.6,3216.29,3036425.91,944.08
74,958.6,960,951.1,957.42,1844.13,1765194.57,957.19
75,957.39,968.98,943.97,954.15,3942.96,3771765.93,956.58
76,954.15,976.48,951.87,976.47,3281.72,3170924.82,966.24
77,976.48,980.74,965.6,969.83,1938.82,1889810.3,974.72
78,969.83,977.5,967.83,975.85,966.87,940502.98,972.73
79,975.81,977.85,952,954.2,2752.98,2657994.1,965.5
80,954.19,970.35,950,969.58,2199.8,2110943.67,959.61
81,969.99,970,940,948.94,1921.24,1833168.62,954.16
82,950.32,950.32,931,941.34,3182.04,2992483.77,940.43
83,941.31,961.01,939.41,960.56,2877.63,2745491.99,954.08
84,959.82,965.82,950.01,959.54,2774.12,2657619.85,958
85,959.54,959.86,944.11,948.55,1540.25,1464682.91,950.94
86,948.55,958.8,948.07,952.93,985.33,940738.63,954.75
87,951.14,966.37,950.81,965.6,894.94,858064.02,958.8
88,965.6,966.3,956.63,966.3,742.4,715162.59,963.31
89,966.34,966.99,960.53,964,523.73,505000.19,964.23
90,963.74,975,963.74,974.92,820.65,796991.54,971.17
91,975,994.12,972.5,990.81,2338.73,2297501.32,982.37
92,991.96,1005,991.96,997.75,3167.48,3165249.01,999.3
93,997.75,1005.8,996.89,1003.2,1169.79,1172173.82,1002.04
94,1004.97,1024.92,1002.8,1024.92,2287.56,2322897.66,1015.45
95,1024.92,1032,998.72,1022,2320.56,2366001.33,1019.58
96,1022,1023.89,990.01,1012.54,2389.47,2412504.18,1009.64
97,1011.44,1029.92,999.99,1020.06,2513.28,2555516.39,1016.81
98,1020.06,1024,1009.08,1023.5,1626.3,1655636.19,1018.04
99,1023.49,1026.5,1015.23,1019.88,1600.88,1635116.74,1021.38
100,1019.88,1039,1016.19,1035.24,3349.19,3430230.99,1024.2
101,1035.51,1054.72,1028.56,1047.79,2511.31,2611428.11,1039.87
102,1047.79,1089.19,1038.35,1081.93,3790.3,4039088.4,1065.64
103,1080.14,1129.9,1059.73,1129.8,7592.94,8297432.6,1092.78
104,1129.8,1139.89,1078,1114.92,7667.91,8521695.86,1111.35
105,1114.38,1124,1086.5,1120.28,2518.94,2794138.21,1109.25
106,1120.19,1136.72,1050,1096.8,6712.64,7360419.45,1096.5
107,1096.8,1098.23,885.41,964.04,20892.34,20289271.31,971.13
108,964.11,1025.03,937,1004.74,5894.94,5767570.56,978.39
109,1004.73,1026.99,953.11,981.16,2617.63,2586771.11,988.21
110,980.06,989.97,871,898.98,10716.37,9861121.06,920.19
111,900.03,919.99,878,914.96,8738.79,7865546.18,900.07
112,914.95,918.51,879.4,893.89,5843.91,5209822.93,891.5
113,894.02,900.16,821.22,827.62,7208.69,6114371.17,848.19
114,827.62,887,812.28,874.01,5351.76,4527067.39,845.9
115,874.01,906,861.33,901.03,4966.71,4417086.3,889.34
116,901.92,907.05,879.98,906.2,2873.95,2565785.15,892.77
117,906.2,941.81,892.57,931.47,2288.19,2104290.91,919.63
118,931.47,940,898,901.89,2485.43,2306532.57,928.02
119,905,924.83,881.3,904.33,3030.41,2731673.88,901.42
120,904.74,914.3,895.01,909.75,1133.47,1025672.99,904.9
121,909.8,912.87,875,894.41,2087.13,1851526.55,887.11
122,894.7,908.63,879.94,900.83,2175.7,1941298.46,892.27
123,900.83,910.58,888,889.89,2173.01,1953875.03,899.16
124,889.86,899.99,883.98,896.23,2280.35,2033359.02,891.69
125,896.09,909.99,889.41,893.55,1568.25,1412190.42,900.49
126,894.23,912.47,890.41,902.38,1714.37,1545534.86,901.52
127,902.33,907.99,898.25,904,3072.87,2772740.29,902.33
128,904,908,899.18,905.05,2180.05,1973805.62,905.4
129,905.24,916.2,904.07,914.32,2290.09,2081564.21,908.94
130,914.6,918.4,825.05,833.98,8844.37,7666797.99,866.86
131,833.08,833.08,755,771.8,16341.44,13069708.57,799.79
132,771.44,825.99,762,778.62,8417.87,6641898.13,789.02
133,778.7,782.37,755,761.45,5222.44,3996443.48,765.24
134,761.4,782,751.34,767.11,3979.71,3037482.6,763.24
135,767.11,811.34,766.73,806.74,4012.13,3180010.1,792.6
136,806.74,832.99,800,807.47,4185.85,3418315.27,816.63
137,807.51,812,778.09,784.71,1760.36,1404924.48,798.09
138,784.11,804.76,775,802.68,3038.32,2403637.67,791.11
139,801.81,831.4,792.22,826.02,4497.39,3671342.7,816.33
140,826.02,831.38,818.08,825.86,2113.45,1744825.04,825.58
141,825.98,837.76,818.55,822,1828.61,1516190.05,829.15
142,822,834.6,817,834.57,1356.89,1122395.07,827.18
143,834.6,837.01,822.5,829.17,1355.94,1125508.92,830.06
144,829.27,831.86,810,818.27,2073.29,1706120.96,822.91
145,819.52,822.97,815.69,815.83,693.04,568581.03,820.42
146,815.86,823.45,810.55,817,1311.26,1070550.12,816.43
147,816.51,823.27,808.03,812.91,1315.86,1073490.66,815.81
148,812.88,822.89,808,821.86,911.3,742744.07,815.03
149,821.86,835,818.09,826.69,1188.63,983480.25,827.41
150,826.83,830.33,819,821.86,1679.82,1389226.45,827.01
151,821.74,833.68,821.35,828.45,1669.29,1383336.58,828.7
152,828.45,834.11,827,831.81,1628.31,1350987.93,829.69
153,831.76,863.98,827,863.98,2288.85,1925697.72,841.34
154,862.75,896.23,853.38,876.61,4522.71,3975433.1,878.99
155,876.61,902.99,868.56,902,2727.67,2418214.65,886.55
156,902.19,908.5,890.31,905.99,2724.94,2456152.39,901.36
157,905.95,915.99,887.63,899.18,2274.56,2051979.7,902.14
158,899.19,900.74,882.42,896.94,1545.79,1381101.38,893.46
159,898.04,898.91,851.74,872.32,5778.39,5016468.57,868.14
160,872.9,887.75,860.01,887.7,1583.15,1380568,872.04
161,887.69,896,878.89,883.65,1729.72,1536214.38,888.13
162,884.97,899,880.9,888.79,3095.41,2755721.11,890.26
163,888.79,906,888.79,905.34,3793.73,3398473.93,895.81
164,905.34,910,893.13,901.01,2475.74,2239237.78,904.47
165,902.23,902.43,890,890.93,1337.56,1200519.3,897.54
166,890.93,897.21,880,888.54,2033.47,1807549.59,888.9
167,888.55,899.9,888.55,897.29,2474.91,2214464.66,894.77
168,897.29,900.99,892.81,895.8,772.69,693331.93,897.3
169,895.81,925,895,915,2381.46,2167237.64,910.05
170,915.03,926,912.5,921.47,1907.19,1752430.49,918.85
171,922.25,928,915.03,918.5,1064.23,981364.02,922.14
172,918.79,925,918.64,921.98,512.75,472358.94,921.23
173,921.98,936.3,921.98,932.49,1691.87,1573623.73,930.11
174,932.47,937.74,923,929.98,1021.88,952187.8,931.8
175,930,930,886.76,917.11,3842.34,3483834.53,906.7
176,916.9,923.76,910.38,923.76,610.57,559531.13,916.41
177,923.75,924.13,913.21,917.49,411.6,377961.36,918.27
178,917.49,923,916.53,921.99,870.93,801753.82,920.57
179,921.98,927.57,914.52,920.57,1404.36,1293284.3,920.9
180,920.57,923.19,913.52,913.52,827.85,761454.82,919.8
181,913.15,923,892.04,915.96,2847.89,2578136.07,905.28
182,915.26,919.98,896.18,908.92,2389.29,2173329.22,909.61
183,908.53,911.31,900.37,909,1644.72,1487966.66,904.69
184,909.18,909.47,881.48,885.47,2523.15,2256543.51,894.34
185,885.47,904.01,884.5,894.21,1133.9,1015841.86,895.88
186,894.21,899.71,890.74,896.65,1048.91,938464.93,894.71
187,897.08,897.93,885.01,890.98,2322.07,2068853.86,890.95
188,890.9,894.77,890.85,893.43,786.68,702781.72,893.35
189,893.25,900.96,893.25,896.1,1022.74,917393.33,897
190,896.14,902.97,892.86,901.87,784.03,705180.78,899.44
191,902.01,919.49,901.38,913.87,2372.17,2164623.44,912.51
192,913.97,917.03,908.88,914.83,985.96,900904.69,913.73
193,914.95,918.86,908.01,909.34,1021.58,933316.71,913.6
194,909.39,919.74,908.63,917.52,849.34,778032.91,916.04
195,917.52,924.88,916,919.59,1951.98,1796558.82,920.38
196,920.39,921.99,916.24,918.02,1007.64,925837.94,918.82
197,918.02,920.99,915.95,920.09,230.92,212251.65,919.14
198,918.8,920.1,913.08,917.16,449.13,412060.06,917.46
199,916.98,919.05,913.13,916.42,312.04,285901.33,916.22
200,916.42,919,915,918.6,183.76,168671.49,917.87
201,918.6,919.5,916.6,919.5,377.87,347067.22,918.49
202,919.5,919.99,916.29,918.4,99.9,91725.19,918.2
203,918.4,918.61,913.4,915.68,359.63,329140.03,915.22
204,915,915.64,910.45,912.01,511.62,466813.64,912.42
205,913.12,917.69,910,914.99,550.25,501771.28,911.9
206,914.99,917.48,912.9,916.21,494.78,452555.61,914.66
207,916.21,921.99,914.93,918.92,728.44,669781.64,919.47
208,919.87,923,918,919.99,1347.72,1240955.2,920.78
209,919.99,921.54,917.5,919.14,511.01,470156.02,920.06
210,919.7,940.5,919.12,940.2,1677.45,1564109.72,932.43
211,940.42,962.97,940.11,952.65,5623.12,5362739.99,953.69
212,953.22,970,950,963.99,1695.52,1627035.81,959.61
213,963.99,976.31,962.56,969.52,1729.59,1677733.71,970.02
214,969.52,977.52,962,966.95,2287.67,2214622.95,968.07
215,966.45,973.49,962.04,969.77,1525.25,1474833.24,966.94
216,970.43,986.96,970.09,983.67,1411.88,1381354.06,978.38
217,983.79,990,973.12,986.4,1881.12,1849260.5,983.06
218,986.21,995,982.27,991.02,1744.32,1726342.87,989.7
219,990.27,1004.99,986,999,2633.75,2624895.44,996.64
220,999,1011.65,998,1009.17,2010.48,2022187.98,1005.82
221,1009.15,1022,1004.37,1018.38,1946.12,1975529.06,1015.11
222,1018.45,1022.64,987.01,1005.32,3868.74,3891070.4,1005.77
223,1005.44,1017.62,988.88,1015,3901.9,3937397.72,1009.1
224,1015,1016.99,1008,1016.99,1211.27,1225884.13,1012.07
225,1015.06,1020,1006.01,1006.01,890.26,903053.72,1014.37
226,1006.02,1015.23,1004,1009.38,1119.45,1128482.69,1008.07
227,1009.37,1040,1009.37,1038.42,1871.37,1922196.61,1027.16
228,1039.08,1044.23,1024.02,1033.18,1871.21,1930827.57,1031.86
229,1033.72,1034.6,1025,1027.07,628.37,646537.02,1028.91
230,1027.07,1030,1016.5,1022.22,676.27,691665.62,1022.76
231,1022.23,1022.84,1004.7,1010.89,2521.13,2552654.39,1012.5
232,1009.54,1014.98,1005,1011.07,522.4,526689.47,1008.22
233,1010.03,1019.49,1009,1017,626.77,636562.62,1015.63
234,1017.28,1031.94,1005.1,1022.99,1539.66,1574880.98,1022.88
235,1023,1025.63,1017,1019.9,2152.86,2198759.19,1021.32
236,1018.4,1026.65,1017.98,1023.99,761.56,778518.74,1022.26
237,1024,1037.01,1021.3,1035.25,1193.92,1228433.27,1028.9
238,1034.6,1048.88,1032.36,1047.03,1442.14,1504350.42,1043.14
239,1047.49,1056.25,1045.01,1048.24,1853.97,1946366.55,1049.83
240,1049,1055,1045.89,1052.48,882.1,926687.87,1050.55
241,1052.48,1070,1051.05,1066.01,1619.27,1720097.11,1062.27
242,1065.51,1069.6,1025,1040.99,5077.49,5266003.09,1037.13
243,1040.99,1057.95,1030.51,1057.73,1780.37,1864554.96,1047.28
244,1057.82,1062.74,1050,1050.4,1156.13,1222171.67,1057.12
245,1051.73,1074.69,1051.5,1069,2761.36,2946104.27,1066.9
246,1069.04,1073.93,1046.84,1065.1,2111.36,2242496.4,1062.11
247,1065.09,1065.13,913.73,984.55,16914.76,16616803.25,982.38
248,984.07,989.81,950.1,986,3362.58,3259458.15,969.33
249,985.71,992,953.29,975.44,1830.15,1789206.53,977.63
250,974.14,979.99,950,976.82,3045.88,2940578.91,965.43
251,976.89,985.7,963.9,978.8,3139.43,3056642.32,973.63
252,977.6,1010.68,977.6,996.08,2715.83,2705156.6,996.07
253,995.49,1008.98,987.62,1008.97,953.57,951457.38,997.78
254,1008.96,1020,999.27,1006,1512.85,1531199.64,1012.13
255,1006,1011.53,1002,1009.1,1222.73,1232583.06,1008.06
256,1009.1,1019,1009.1,1012.4,783.35,793914.64,1013.48
257,1011.01,1011.97,1000.82,1001.65,615.71,619798.47,1006.63
258,1002,1008,997.04,1005.63,348.02,348930.26,1002.63
259,1005.5,1010.99,998.12,1000.08,926.5,929317.96,1003.04
260,1000.08,1002.98,991.98,1000.73,793.77,792218.68,998.05
261,1000.73,1007.89,999,1007.18,344.56,345466.62,1002.64
262,1007.18,1007.54,975.1,992.09,2051.84,2031626.69,990.15
263,993.05,1000,992.04,995.07,1245.74,1241325.41,996.45
264,995.91,1001.6,994.67,1000.79,905.12,903712.06,998.44
265,1000.74,1002.01,987.97,1002.01,1479.79,1474440.57,996.38
266,1002,1019,990,995.47,3101.58,3134134.99,1010.5
267,993.11,1011.98,993.04,1009.9,1160.48,1169812.81,1008.04
268,1009.88,1011.98,1004.58,1008.88,1019.25,1027721.96,1008.31
269,1008.88,1012,1005,1009.14,599.64,605671.19,1010.07
270,1008.71,1010.91,1000.97,1007.03,842.64,847943.59,1006.29
271,1007.03,1012.54,1006.37,1009.7,1060.61,1070909.08,1009.71
272,1009.7,1013.8,1008.13,1011.53,592.77,599288.36,1011
273,1011.53,1030,1010.75,1022.69,1527.78,1562056.83,1022.44
274,1022.69,1029.99,1018,1023.99,879.88,899926.06,1022.78
275,1024,1040,1021.89,1034.41,2120.88,2189387.01,1032.3
276,1034.42,1043.21,1026.81,1032.7,1467.57,1518868.96,1034.96
277,1032.91,1039.99,1031.98,1034.03,842.97,873323.16,1036.01
278,1034.06,1048.56,1033,1042.39,1437.7,1494921.91,1039.8
279,1042,1064.99,1038.41,1054.49,2772.86,2926543.92,1055.43
280,1054.35,1062.74,1053.02,1055.46,1031.5,1091496.17,1058.16
281,1055.75,1068.97,1052,1065.73,1520.48,1614120.71,1061.58
282,1065,1068.99,1060.5,1060.5,826.7,879874.07,1064.33
283,1061.21,1067,1049.94,1062,1387.11,1468821.2,1058.9
284,1060.61,1065.79,1046.14,1056.4,740.66,783015.64,1057.19
285,1056.4,1056.4,1047,1056.4,408.08,429739.91,1053.08
286,1055.74,1061.9,1049.47,1053.35,523.98,554091.65,1057.46
287,1054.4,1055.74,1039.07,1052.39,987.67,1036203.55,1049.14
288,1052.39,1055.41,1045.2,1051.8,351.11,368740.31,1050.2
289,1051.8,1053.32,1044.39,1049,449.04,470711.27,1048.26
290,1049,1064.67,1049,1053.79,589.41,623315.64,1057.53
291,1054,1064.26,1053.79,1061.44,928.06,984533.99,1060.85
292,1061.44,1089.99,1058.51,1084,1697.86,1824099.46,1074.35
293,1084,1085.04,1077,1083.46,816.81,883080.39,1081.14
294,1082.7,1114,1082.7,1113.9,2824.96,3101302.11,1097.82
295,1113.9,1117,1096.01,1116.55,2659.87,2947006.93,1107.95
296,1114.88,1126.86,1110.48,1124.62,2093.83,2342273.75,1118.66
297,1124.83,1127,1103,1110.28,1735.1,1935650.1,1115.58
298,1110.28,1121.75,1098.16,1120,2476.07,2760936.76,1115.05
299,1120,1139,1119,1136.52,3923.24,4427548.47,1128.54
300,1136.52,1143,1127,1130.01,3538.67,4022590.72,1136.75
301,1130.02,1134,1120.73,1130.65,1004.14,1133748.7,1129.07
302,1130.65,1153.8,1127.53,1150.92,3832.83,4376384.76,1141.82
303,1150.49,1160,1147,1154.99,3288.31,3794140.67,1153.83
304,1156.2,1193.92,1155.12,1188.11,3627.95,4253781.89,1172.5
305,1183.53,1220,1175,1208.02,4233.1,5069863.91,1197.67
306,1210.72,1213,1091.1,1167.14,9404.9,10879567.59,1156.8
307,1167.15,1206.73,1164.5,1195.34,3404.92,4054804.51,1190.87
308,1195.36,1197.36,1165,1180.14,2555.3,3019264.19,1181.57
309,1180.05,1182.99,1173.17,1175,717.82,847171.37,1180.21
310,1172.49,1184.73,1170.73,1182.52,930.1,1096230.46,1178.62
311,1181,1182.51,1127,1140.08,3235.44,3723382.16,1150.81
312,1143.76,1160.98,1139,1152.2,1355.08,1559660.78,1150.97
313,1152.11,1156.66,1133,1156.63,676.79,774864.45,1144.91
314,1154.29,1177.99,1150.34,1170.27,838.88,978930.27,1166.94
315,1170.27,1184.97,1165.49,1172.29,1508.12,1771111.08,1174.38
316,1172.29,1181.97,1167.04,1179.05,512.69,602712.28,1175.6
317,1180.46,1193.32,1169,1180,1128.08,1337108.71,1185.29
318,1179.62,1188.5,1173.37,1182.1,611.85,723401.7,1182.32
319,1185.73,1197.99,1171,1193.34,1879.87,2233516.05,1188.12
320,1193.32,1197.19,1185.59,1194.64,1020.97,1217280.44,1192.28
321,1194.64,1209.99,1176.27,1198.31,2489.92,2980381.84,1196.98
322,1197.07,1200,1180.93,1185.52,1713.01,2038694.3,1190.12
323,1185.53,1197,1179,1194.99,1973.03,2340141.2,1186.07
324,1194.94,1200,1189,1191.21,1386.51,1657865.17,1195.71
325,1191.16,1196.28,1189,1192.99,820.37,978430.45,1192.67
326,1191.54,1205.06,1188.3,1202.23,1506.72,1802753.76,1196.48
327,1202.23,1231,1202.23,1217.76,2808.59,3422236.8,1218.49
328,1217.82,1228,1216.32,1226.39,877.39,1072719.32,1222.63
329,1228,1229.23,1215,1220,831.59,1017150.24,1223.14
330,1220,1234,1219.06,1234,1060.49,1303275.86,1228.94
331,1232.01,1283.25,1228.33,1279.37,2924.03,3647903.27,1247.56
332,1278.03,1282.99,1239.38,1257.6,2946.62,3711210.14,1259.48
333,1256.32,1270.81,1256.29,1257.2,791.16,999185.4,1262.93
334,1258.11,1298,1255,1290.99,1977.29,2532637.75,1280.86
335,1290.99,1294.43,1257,1266.99,3718.17,4735582.26,1273.63
336,1266.99,1288,1259.41,1285.33,1058.85,1348243.01,1273.31
337,1287.38,1289.55,1273.82,1280.93,710.31,909381.82,1280.26
338,1280.93,1284.74,1268.2,1268.21,595.82,760595.65,1276.56
339,1269.92,1276.95,1230,1247.45,2711.37,3392038.28,1251.04
340,1249.45,1262.34,1249.45,1260,933.73,1175586.16,1259.02
341,1260,1262.34,1247.45,1253.42,701.87,881263.78,1255.59
342,1253.5,1256.42,1240,1249.99,577.3,719931.29,1247.06
343,1249.62,1272.93,1247.05,1264.62,1003.79,1265556.88,1260.78
344,1267.06,1275,1259,1273,743.05,942774.49,1268.79
345,1269.98,1273.97,1251,1260.11,785.71,994006.37,1265.11
346,1260.8,1282.33,1260.8,1279.55,1163.73,1485750.84,1276.71
347,1277.01,1285,1270.04,1278.75,1399.97,1791186.47,1279.45
348,1279.01,1281,1272,1278.49,900.24,1149829.26,1277.25
349,1278.49,1281.62,1260.62,1270,928.3,1181225.3,1272.45
350,1270,1276,1175.97,1210.02,6373.18,7854460.58,1232.42
351,1212.21,1268,1200.01,1255.46,5192.84,6416897.73,1235.72
352,1256.04,1257.91,1231,1233.05,1955.71,2435166,1245.16
353,1233.86,1245.49,1181,1189.34,3027.9,3652477.38,1206.27
354,1190.3,1229.19,1160,1206.63,3385.71,4043278.19,1194.22
355,1203.03,1214.76,1175.59,1188.41,2964.89,3535179.73,1192.35
356,1189.02,1195,1145.5,1150.05,4020.94,4674660.15,1162.58
357,1149.34,1163.54,1135.01,1155.78,1565.7,1795913.77,1147.03
358,1155.83,1189.23,1155.16,1170.5,1961.51,2303720.54,1174.46
359,1167.11,1208,1167.11,1201,2879.77,3427786.81,1190.3
360,1201,1204,1182,1190.89,1247.75,1492399.2,1196.07
361,1190.99,1207.5,1190.97,1196.67,842.86,1011794.31,1200.43
362,1195.55,1205.05,1170,1195.6,1682.8,2002205.88,1189.81
363,1196.56,1350,1170,1252,10336.39,12979692.32,1255.73
364,1252,1293,975,1116.97,20605.9,22836763.78,1108.26
365,1111.55,1148,1106.51,1147.99,2492.99,2824807.45,1133.1
366,1148,1198,1146.28,1178.69,2428.43,2850388.85,1173.76
367,1178.69,1197.8,1172.03,1181.74,1078.7,1276443.26,1183.32
368,1181.75,1183.5,1159.57,1176.55,1346.66,1577584.74,1171.48
369,1176.58,1191.14,1173.3,1180.56,887.15,1049899.85,1183.46
370,1179.68,1183.99,1170.9,1174.71,486.87,572933.69,1176.76
371,1174.71,1234.04,1173.18,1226,2675.45,3237025.09,1209.9
372,1224.01,1241.85,1214.35,1226.62,1744.44,2143455.77,1228.74
373,1226.42,1243,1222.15,1228.86,930.68,1144450.17,1229.69
374,1228.82,1238.98,1215.43,1238.98,1291.24,1586078.39,1228.34
375,1238.09,1249.02,1225.77,1238.02,2220.34,2751310.46,1239.14
376,1238,1247.99,1235,1242.46,1195.1,1481716.11,1239.83
377,1242.46,1250,1235,1236.37,925.18,1147987,1240.82
378,1234.56,1245.8,1226.5,1244.03,1124.35,1389642.33,1235.96
379,1244.8,1260,1242.85,1254.06,2274.33,2846154,1251.43
380,1254.06,1256.73,1239.01,1245.86,1421.64,1772675.23,1246.92
381,1245.82,1249.99,1238.32,1247.25,617.7,769237.15,1245.33
382,1247.34,1256.78,1245.24,1253.22,719.54,901119.38,1252.35
383,1253.23,1260,1245.29,1249.92,1221,1532209.96,1254.88
384,1249.68,1259.99,1245.51,1257.32,1372.26,1718276.87,1252.15
385,1258.75,1258.96,1225.37,1226.6,2375.12,2954945.33,1244.12
386,1226.6,1243.4,1220,1228.78,2452.59,3014088.21,1228.94
387,1228.61,1233.13,1209.56,1221.4,2180.85,2657252.7,1218.45
388,1220.54,1220.54,1130,1172.62,8237.99,9638861.32,1170.05
389,1172,1173.23,1101,1138.39,2889.08,3287311.67,1137.84
390,1136.15,1153.15,1077.38,1149,6106.13,6804011.98,1114.29
391,1149,1165.91,1136.3,1136.3,2931.83,3375799.6,1151.43
392,1136.3,1136.3,1063,1071.02,4777.54,5244038.54,1097.64
393,1068.16,1099,1056.32,1066.11,1621.76,1740468.1,1073.2
394,1071.64,1098.98,1062.9,1086.37,1716.24,1853029.44,1079.7
395,1086.02,1088.87,948.73,1004,14328.74,14445520.98,1008.15
396,1004,1008.99,944.36,969.4,3625.87,3506860.89,967.18
397,969.4,1011,969.4,1002.58,2515.31,2501288.76,994.43
398,1002.76,1008.48,973,990.96,2495.33,2473202.96,991.13
399,993.91,1046.9,980.01,1034.98,4384.53,4437921.56,1012.18
400,1034.97,1063.7,1006.56,1017.97,2806.69,2921147.74,1040.78
401,1012.88,1040.1,1010.61,1025.91,637.49,655521.57,1028.29
402,1025.41,1046.68,1010.01,1046.6,2136.16,2187708.72,1024.13
403,1046.6,1053,1035.07,1045.83,3023.53,3159520.49,1044.98
404,1045.96,1049.78,1025,1035.96,1700.73,1761915.03,1035.98
405,1036.23,1080,1034.92,1077,2406.67,2544129.12,1057.12
406,1072.94,1085.13,1067.51,1085.13,2191.39,2357212.79,1075.67
407,1085.31,1117.9,1075.66,1112.01,4339.35,4748201.97,1094.22
408,1112,1117.64,1085.01,1114.39,2188.09,2418505.84,1105.3
409,1114.39,1114.39,1089,1099.26,1259.17,1381726.08,1097.33
410,1099.1,1099.72,1041.74,1067.66,3340.21,3565382.19,1067.41
411,1067.66,1074.56,1001.7,1015,5885.63,6036928.58,1025.71
412,1015.39,1039.88,988,1037.56,4036.24,4076965.78,1010.09
413,1037.6,1042.27,1010.69,1017.98,1086.61,1119075.73,1029.87
414,1017.89,1054.4,1013.77,1045.3,2142.12,2223956.39,1038.2
415,1045.3,1053.7,1032.77,1039.58,1372.58,1433791.66,1044.6
416,1039.59,1042.48,1022.1,1029.65,1315.68,1357771.96,1032
417,1030.84,1032,992,1015.64,3096.57,3122253.12,1008.29
418,1015.63,1019.47,980.02,994.34,2932.8,2937955.02,1001.76
419,990.96,999.09,968.28,987.08,3623.12,3558488.98,982.16
420,986.54,986.96,920,929.06,6419.93,6078354.56,946.79
421,928.1,943.68,894.53,895.97,4529.85,4161179.98,918.61
422,897.78,933.97,891.33,908.65,3911.75,3557282.03,909.38
423,908.62,955.59,900.63,951.28,2907.84,2704430.05,930.05
424,950,963.36,932.84,956.02,2157.99,2046754.88,948.45
425,956.02,963.36,943.91,953.71,948.42,905086.6,954.31
426,953.74,970,940,963.98,1420.93,1358892.66,956.34
427,963.98,997,963.53,981.97,4316.15,4250329.27,984.75
428,981.67,986,937.52,960,2327.42,2229051.44,957.73
429,959.08,976.3,952.95,963.49,848.23,817316.26,963.56
430,963.06,996.26,961.19,988.96,1869.45,1845972.54,987.44
431,985.69,1032,985.69,1020.81,4342.22,4422193.75,1018.42
432,1020.66,1043,1008.62,1039.92,1627.19,1668343.54,1025.29
433,1039.09,1039.97,1025.84,1026.63,907.25,936365.16,1032.1
434,1026.56,1064.76,1026.56,1062.52,2306.23,2418849.14,1048.83
435,1064.97,1068.26,1042,1045.19,3380.02,3574619.74,1057.57
436,1045.17,1047.22,1014.9,1043.99,2522.02,2608645.51,1034.35
437,1042.83,1042.91,1008.16,1026.73,2302.7,2343582.38,1017.75
438,1024.98,1059.43,1008.2,1050,3550.92,3668353.82,1033.07
439,1053.03,1055.93,1029.52,1030,2021.48,2113639.24,1045.59
440,1029.86,1043.14,1020.15,1035.96,1504.62,1550324.96,1030.38
441,1037.29,1050.17,1021,1037.8,1887.1,1957716.94,1037.42
442,1037.32,1046,1024.67,1034,2307.25,2390434.29,1036.05
443,1034,1035.31,1017.14,1030.58,3344.98,3433682.38,1026.52
444,1027.97,1033.99,1023.01,1033.7,1106.05,1137552.56,1028.49
445,1033.79,1048.19,1031.43,1042.98,1985.91,2067837.36,1041.25
446,1042.1,1045,1035,1038.6,2130.29,2218327.89,1041.33
447,1040.73,1081,1037.35,1066.45,4897.82,5166978.5,1054.96
448,1066.49,1080,1060,1070.31,3044.77,3258187.87,1070.09
449,1071.34,1076.84,1065.5,1071.99,1187.23,1270398.53,1070.05
450,1070.59,1097,1068.32,1091.1,1735.94,1889118.92,1088.24
451,1093.38,1096,1065.64,1069.59,1345.34,1450561.06,1078.21
452,1069.69,1085,1061.64,1083.94,940.63,1007237.26,1070.82
453,1083.95,1084.98,1072.54,1075.59,333.46,359544.49,1078.24
454,1074.08,1088,1066.49,1076.95,1627.95,1755733.52,1078.49
455,1076.86,1092.49,1067,1073.13,2573.72,2776755.88,1078.89
456,1074.01,1100,1074.01,1078.01,3104.76,3382654.43,1089.5
457,1076.59,1126.97,1076.19,1118.01,2438.47,2707419.45,1110.3
458,1119.98,1135,1108.01,1132.92,3007.05,3375327.4,1122.47
459,1132.23,1138.22,1122.17,1135.04,2504.78,2833735.71,1131.33
460,1135.01,1152,1126.97,1144.77,3126.57,3571155.07,1142.19
461,1146.42,1152,1135.25,1144.23,1536.52,1759170.19,1144.91
462,1146.54,1162.93,1137.47,1146.03,2079.76,2397198.49,1152.63
463,1147.05,1150.52,1118.85,1134,2441.04,2763827.44,1132.23
464,1134.99,1143,1132,1143,1363.54,1551646.59,1137.95
465,1143,1145,1132.99,1135.4,761.87,868472.49,1139.92
466,1135.2,1136.82,1111,1128.23,2309,2595103.97,1123.91
467,1128.23,1131.32,1118.37,1124.95,1662.51,1869456.29,1124.48
468,1123.51,1134.99,1122.26,1134.58,855.6,966588.71,1129.72
469,1134.86,1160,1134.36,1155.01,2154.11,2477319.96,1150.04
470,1155.01,1177.7,1152.58,1177,2242.48,2609810.84,1163.8
471,1176.99,1178.96,1161.04,1173.52,1621.71,1898479.68,1170.67
472,1173.48,1201.37,1172.51,1190.85,3116,3704960.96,1189.01
473,1190.72,1197.1,1176,1179.34,928.68,1102199.55,1186.85
474,1181.03,1202,1177.86,1188.08,1208.61,1438866.41,1190.51
475,1189,1194,1181.4,1186.18,1828.55,2174087.32,1188.97
476,1187.48,1198.13,1183.5,1190.66,1484.43,1771563.21,1193.43
477,1190.66,1197.3,1181.02,1193.05,626.67,744976.28,1188.78
478,1193.68,1195.95,1183.24,1191.35,650.29,773502.18,1189.47
479,1191.48,1193.34,1184.6,1189.17,496.4,590310.67,1189.19
480,1188.14,1189.29,1166.66,1184.03,947.44,1115455.23,1177.34
481,1184.05,1188.92,1182.38,1183.99,389.75,462081.81,1185.59
482,1183.6,1187.02,1173.98,1174.45,729.64,861340,1180.5
483,1174.79,1216.5,1174.17,1213.11,2848.92,3413291.26,1198.1
484,1214.87,1216.87,1204.69,1206.2,849.12,1028260.84,1210.98
485,1205.2,1212.3,1201.62,1201.62,526.4,635841.01,1207.9
486,1201.62,1219.71,1200.02,1211,983.63,1189838.59,1209.64
487,1212.36,1214.45,1205.4,1210.16,1070.68,1295681.12,1210.15
488,1209.56,1210.93,1195,1209.25,1076.1,1295253.15,1203.65
489,1209.99,1214.53,1198.02,1204.38,1086.99,1309830.09,1205.01
490,1201.83,1212,1201.83,1210.63,645.43,779955.84,1208.43
491,1210,1229,1210,1221.81,1223.58,1490149.74,1217.86
492,1221.53,1227,1215.11,1218.99,531.76,649895.09,1222.16
493,1218.99,1224.57,1208.01,1209.34,495.36,603087.14,1217.46
494,1209.74,1223,1208,1219.62,844.15,1026345.74,1215.83
495,1219.01,1224.2,1209.43,1217.75,1131,1375016.35,1215.75
496,1217.09,1221.5,1209.43,1212.17,1004.68,1220426.58,1214.74
497,1212.16,1219.45,1209.43,1211.07,673.49,817877.45,1214.39
498,1209.43,1209.65,1165,1197.78,2502.47,2967699.43,1185.91
499,1197.71,1197.99,1141,1160,3110.72,3633679.62,1168.12
500,1160,1176.98,1157.63,1172.91,848.63,991532.29,1168.39
501,1172.56,1185,1169.79,1183.53,504.84,595233.41,1179.05
502,1183.21,1193,1142,1150.58,5048.83,5875426.62,1163.72
503,1154.89,1180,1149.01,1179.77,2351.68,2744433.15,1167.01
504,1179.75,1183,1160.61,1170.34,1077.41,1260559.7,1169.99
505,1169.53,1180,1169,1177.25,309.63,362906.68,1172.08
506,1176.1,1182.34,1175.08,1181.03,207.01,243943.77,1178.4
507,1181.03,1192.5,1176.01,1184.11,808.8,958878.91,1185.56
508,1184.5,1184.98,1165,1173.45,479.01,562338.46,1173.96
509,1171,1178.67,1167.12,1176.02,236.61,277679.65,1173.59
510,1176.04,1178.92,1161,1164.04,270.68,316846.86,1170.55
511,1164.11,1179.3,1150,1170.01,1804.82,2089764.72,1157.88
512,1173.48,1174.57,1161,1162.31,351.88,410478.22,1166.53
513,1162.31,1172,1161,1167.06,365.2,425916.51,1166.26
514,1166.76,1174.45,1165,1167.02,271.93,317773.31,1168.6
515,1167.02,1192.5,1161,1180.73,1988.66,2352889,1183.15
516,1178.47,1189.98,1174.88,1176.54,943.04,1113912.98,1181.19
517,1176.59,1203.6,1175.95,1198.99,752.57,898427.92,1193.81
518,1197.65,1209.99,1197.02,1208.22,2135.41,2576093.65,1206.37
519,1208.22,1210,1197.02,1203.23,1746.08,2105256.69,1205.7
520,1203.3,1205.22,1197.03,1202.58,880.11,1057004.54,1200.99
521,1202.59,1209.99,1197.01,1204.63,649.62,782098.82,1203.92
522,1204.5,1204.5,1190,1202.01,1425.08,1703786.05,1195.58
523,1202.63,1205,1194.99,1202.19,1864.27,2237112.23,1200
524,1202.21,1206,1190,1203.98,2107.55,2524881.66,1198.02
525,1203.98,1210,1201.66,1208.07,917.91,1107864.73,1206.95
526,1208.08,1220.88,1207.86,1220.8,1513.61,1840562.46,1216.01
527,1219.99,1243.88,1216.51,1232.74,2673.51,3284640.26,1228.59
528,1232.68,1240.56,1226.04,1234.19,867.9,1069239.88,1231.98
529,1234.93,1244.89,1231.65,1240.25,934.75,1156588.34,1237.32
530,1240.88,1250.93,1235,1249.56,1123.74,1399971.41,1245.82
531,1249.56,1252.32,1235,1239.07,1650.43,2052152.45,1243.41
532,1240.63,1246.99,1233,1243.61,1314.12,1628147.38,1238.96
533,1243.6,1245.95,1240.3,1244.87,377.25,469134.14,1243.55
534,1241.4,1247.15,1230,1234,673.18,833569.04,1238.26
535,1233.95,1236.5,1199,1233.63,2152.75,2622117.2,1218.03
536,1233.69,1245,1229.81,1233.2,970.1,1202139.84,1239.19
537,1231.85,1235.67,1223.42,1228.38,566.48,695743.46,1228.2
538,1227.69,1248.99,1227.69,1233.74,846.89,1050053.07,1239.9
539,1235.75,1245.19,1231,1234.07,686.28,848275.26,1236.04
540,1234.77,1242.23,1231.32,1241.99,505.08,625915.35,1239.25
541,1242,1243.1,1234,1239.4,789.83,976386.19,1236.2
542,1239.64,1245,1234.99,1241.99,938.6,1164479.97,1240.66
543,1241.99,1249.46,1240.03,1247.84,773.33,962956.07,1245.21
544,1248.76,1254,1246.98,1253.58,546.94,684685.08,1251.86
545,1253.57,1257.3,1251.07,1255.26,517.03,648472.66,1254.23
546,1255.26,1274,1251.8,1270,1548.7,1951791.05,1260.28
547,1269.73,1280,1262.02,1277.46,2188.52,2783561.38,1271.89
548,1278.31,1279.2,1267,1269,995.53,1267406.17,1273.1
549,1271.4,1279.5,1265,1276.13,1119.96,1425846.56,1273.12
550,1276.48,1284.78,1275.8,1283.34,1380.92,1770750.65,1282.29
551,1283.35,1315.55,1282.77,1311.57,3472.75,4517726.59,1300.91
552,1311.12,1330,1281,1287.99,2734,3551897.36,1299.16
553,1287.92,1308.97,1285,1308.38,809.75,1047860.05,1294.05
554,1309.91,1310.69,1296.96,1304.9,1125.52,1469821.16,1305.9
555,1304.96,1338,1304.05,1327.98,3030,4017744.34,1325.99
556,1326.16,1342.02,1322,1331.53,1704.72,2274635.35,1334.32
557,1331,1347.02,1319.88,1335.99,1614.28,2154354.45,1334.56
558,1335.11,1337,1300,1309.01,1920.05,2539256.25,1322.49
559,1311.1,1331.44,1299.34,1318.95,2689.66,3547363.55,1318.89
560,1318.8,1338.13,1299,1330.7,2010.28,2641552.15,1314.02
561,1333.93,1340,1323.15,1326.91,663.61,883476.94,1331.32
562,1328.18,1332.46,1316,1319,958.28,1269486.1,1324.75
563,1319,1338.43,1317.07,1337.01,1167.29,1551092.63,1328.8
564,1337.01,1342.8,1331.54,1333,1138.27,1522033.78,1337.15
565,1336.77,1336.77,1321.01,1328,300.26,398859.4,1328.36
566,1324.55,1332.36,1315.68,1329.99,882.7,1169310.67,1324.7
567,1329.99,1332.29,1321.4,1329.96,762.04,1010809.5,1326.45
568,1329.95,1356,1325.35,1350.21,1591.17,2139608.24,1344.68
569,1348.88,1368,1341.22,1363.62,1231.59,1671854.47,1357.48
570,1363.62,1367.01,1345,1361.97,1003.31,1361766.68,1357.27
571,1361.99,1425,1346.37,1385,4067.52,5656128.6,1390.56
572,1384.98,1417.11,1382.71,1390.86,2302,3233382.48,1404.6
573,1390.86,1424.69,1388,1423.21,890.26,1253362.66,1407.86
574,1423.01,1481.73,1418.42,1465.21,2829.08,4090318.34,1445.81
575,1465.21,1473.53,1439.98,1452.5,2453.07,3567486.82,1454.29
576,1452.5,1452.5,1403,1447.75,2748.28,3925041.95,1428.18
577,1447.75,1469,1443.05,1444.86,1065.41,1552091.57,1456.8
578,1444.81,1480,1431.02,1477.95,2028.08,2960492.03,1459.75
579,1477.95,1488.09,1461.14,1488.09,3955.32,5837259.82,1475.8
580,1488,1516.04,1480.02,1503.22,4028.77,6030423.42,1496.84
581,1503.25,1520,1497.43,1516.38,2031.49,3066301.28,1509.38
582,1516.38,1565,1513.43,1550.23,3949.85,6095734.71,1543.28
583,1550.2,1599.45,1543.93,1597.65,4084.2,6417423.32,1571.28
584,1599.45,1623.01,1444.94,1537.23,9482.98,14535963.27,1532.85
585,1537.36,1593.9,1527.21,1591.99,2304.63,3597646.44,1561.05
586,1590.17,1609,1533.53,1567.99,4238.37,6713681.66,1584.02
587,1567.99,1585.52,1496.07,1551.5,6587.93,10181606.12,1545.49
588,1554.97,1555,1495,1514.9,2472.76,3764738.28,1522.49
589,1515.39,1547,1511.96,1514.01,1239.54,1896310.8,1529.85
590,1514.01,1564.32,1510.5,1561.73,2235.01,3427449.77,1533.53
591,1562.94,1562.94,1505,1551.96,2570.78,3957533.78,1539.43
592,1551.96,1578.97,1545.25,1558.02,1855.81,2897792.91,1561.47
593,1554.04,1565,1540,1556.05,1028.42,1599068.34,1554.88
594,1556.05,1556.26,1525,1537.31,2217.11,3414220.62,1539.94
595,1537.31,1541.7,1525.02,1535.17,1890.89,2896908.27,1532.03
596,1535.38,1564.54,1525.1,1554.01,2531.37,3899448.1,1540.45
597,1554.38,1589,1554.38,1578.39,2948.55,4637007.16,1572.64
598,1579.38,1609.98,1560.09,1576.59,6354.89,10108953.94,1590.74
599,1576.59,1592.41,1560,1589.96,4384.78,6889716.95,1571.28
600,1586.55,1653.97,1582,1649.54,5574.14,9016545,1617.57
601,1649.55,1677.73,1616.05,1673,2417.61,4009472.91,1658.44
602,1672.76,1737,1672.48,1735,4791.49,8181357.34,1707.48
603,1736.99,1760.4,1695.6,1755.02,4923.47,8509989.41,1728.45
604,1755.86,1759.63,1661.07,1720.28,4675.16,8040670.98,1719.87
605,1720.26,1735.06,1682,1720.64,2402.87,4112040.75,1711.31
606,1719.69,1749,1715.1,1740.01,2827.55,4909962.11,1736.47
607,1740.01,1794.21,1740.01,1767.14,3747.14,6642241.56,1772.62
608,1767.31,1776.79,1745,1772.58,2287.83,4033316.24,1762.94
609,1774.52,1824,1745.01,1822.95,2927.89,5222777.19,1783.8
610,1822.92,1892,1802.02,1861.96,5114.06,9482595.61,1854.22
611,1861.97,1868,1835.2,1856,2842.48,5270648.94,1854.24
612,1856,1857.59,1792,1828.45,3855.79,7021261.37,1820.97
613,1830.85,1832,1733,1768.54,3423.55,6092554.87,1779.6
614,1768.53,1826,1768.52,1810.84,3138.08,5641354.4,1797.71
615,1806.1,1814.97,1745.2,1757.37,3754.88,6651568.62,1771.45
616,1757.31,1757.31,1650,1691.51,6746.33,11470894.64,1700.32
617,1690.33,1713.26,1601.46,1705.81,4807.1,7938024.95,1651.31
618,1709.3,1747,1668.4,1731.96,2172.6,3704340.5,1705.03
619,1730.5,1744,1685.69,1727.28,1963.31,3365728.68,1714.31
620,1730,1785.82,1713,1776.89,1589.22,2789165.33,1755.05
621,1776.8,1796,1763,1786.72,1197.06,2131259.56,1780.41
622,1786.85,1815,1771.96,1777.52,1672.09,3001799.93,1795.24
623,1785.68,1797.77,1753,1762.64,1035.91,1836720.62,1773.05
624,1762.33,1792,1754.15,1784,911.67,1615777.29,1772.32
625,1782.3,1784,1710,1739.34,1298.39,2262184.75,1742.31
626,1740,1760,1682.56,1756.69,4321.38,7469045.51,1728.4
627,1756.36,1757,1685.58,1713.49,4444.46,7646258.36,1720.4
628,1713.05,1745.54,1689.74,1705.48,3252.58,5574087.17,1713.74
629,1706.07,1715.57,1641.22,1654.01,3816.79,6396501.61,1675.89
630,1654.01,1730,1648.03,1718.47,4789.05,8153544.07,1702.54
631,1714.99,1750,1710,1739.65,4987.53,8626257.23,1729.56
632,1739.66,1739.66,1686.4,1700.01,2960.72,5079077.11,1715.49
633,1700.01,1761.26,1670.01,1758.66,4149.7,7091295.58,1708.87
634,1757.31,1808,1730.28,1786.69,4379.15,7789127.98,1778.69
635,1786.69,1840.42,1780.53,1788.11,5219.77,9479774.19,1816.13
636,1793.28,1828.41,1765.26,1782.99,4048.71,7238479.12,1787.85
637,1779,1813.98,1766.33,1797,1986.22,3547238.19,1785.92
638,1798.27,1823.33,1783.11,1799.28,2707.77,4881300.12,1802.7
639,1799.28,1870,1792.7,1861.8,5128.43,9420586.73,1836.93
640,1864.65,1881.8,1846.5,1878.99,2093.7,3917043.08,1870.87
641,1879,1915,1874.99,1912.16,2960.58,5611645.57,1895.46
642,1910.79,1954,1910.46,1932.73,3790.97,7321250.33,1931.23
643,1935.77,1954.99,1915.38,1924,3565.71,6914552.79,1939.18
644,1924,1969.99,1898,1958,3807.36,7371348.23,1936.08
645,1959.09,1986.64,1956.57,1983.88,2525.29,4991142.48,1976.47
646,1983.88,1989,1930,1949.96,3039.68,5977340.11,1966.44
647,1946.86,1980,1914,1980,3979.19,7776463.74,1954.28
648,1980,2021,1960.07,2013.99,2765.79,5503530.16,1989.86
649,2013.99,2048,2000,2033.97,1170.89,2370956,2024.91
650,2030,2063.11,2017.01,2056.86,1620.94,3313977.12,2044.48
651,2058.41,2061.11,1961.52,2000,2746.85,5515121.54,2007.8
652,2000,2022,1988,2017.55,1217.15,2447029.08,2010.45
653,2017.55,2098,2008.75,2098,2347.57,4793233.6,2041.78
654,2098,2134.86,2050,2094,3768.42,7908846.18,2098.71
655,2094,2208.96,2080,2203.97,4217.84,9079612.39,2152.67
656,2206.96,2230.34,2001,2099.97,6004.7,12753409.37,2123.9
657,2088.76,2189.09,2088.45,2188.44,1705.76,3650428.22,2140.06
658,2188.44,2206.97,2125.37,2192.17,3758.55,8142207.79,2166.32
659,2190.01,2268.12,2180,2226,5342.41,11874391.75,2222.66
660,2222.01,2275,2210.01,2264.23,3332.2,7472743.77,2242.59
661,2265.9,2325,2264.64,2305,3111.86,7147382.61,2296.82
662,2305,2401.34,2290.17,2383.22,3960.48,9282272.23,2343.73
663,2383.36,2436.9,2344.03,2433.89,8553.82,20504593.67,2397.13
664,2433.89,2481.75,2350,2420.29,6518.44,15847986.18,2431.26
665,2420.29,2595,2420,2594.98,5237.76,13217194.77,2523.44
666,2588.4,2726.12,2540,2709.66,5850.14,15477264.16,2645.62
667,2710,2760.1,2263.72,2425,12806.99,32668215.33,2550.81
668,2427,2516,2221,2292.53,9069.87,21666232.79,2388.81
669,2277.01,2469.85,2277.01,2450,3912.22,9247355.23,2363.71
670,2449.99,2599.12,2387.59,2553.58,4707.71,11851524.21,2517.47
671,2553.34,2560.1,2240,2240,7763.5,18635092.21,2400.35
672,2239.99,2350,2060,2279.82,11943.39,26732430.94,2238.26
673,2280.7,2339.94,2066,2083.86,5378.95,11812857.39,2196.13
674,2083.71,2165.71,1850,2035,12364.29,24754828.8,2002.12
675,2045,2174.99,2005.01,2118.79,5480.58,11385955.04,2077.51
676,2118.79,2135.99,2001,2042,2992.46,6159930.55,2058.48
677,2042.89,2231.75,2041.48,2160,4005.08,8661129.26,2162.53
678,2160,2313.96,2121.23,2241.73,4227.95,9521881,2252.13
679,2240.19,2281.98,2100,2155.24,4633.04,10084520.77,2176.66
680,2154.54,2199.24,2081,2178.81,2509.15,5387561.7,2147.16
681,2172.54,2198.02,2110,2190,1469.96,3173571.71,2158.94
682,2190,2300.58,2175,2244.38,3472.27,7791010.19,2243.78
683,2244.12,2292.03,2201,2250,3269.44,7357639.79,2250.42
684,2249.97,2350,2247.61,2292.1,3917.6,9053779.02,2311.05
685,2290.18,2339.08,2215,2318.94,2416.79,5520990.85,2284.43
686,2322.35,2328.48,2269.81,2306.72,2549.32,5877783.74,2305.63
687,2307.86,2314,2214.95,2254.29,5340.23,12065160.71,2259.3
688,2254.31,2293.46,2160,2203.51,3582.52,7970698.27,2224.89
689,2201.7,2249.47,2154.28,2224,2903.79,6397714.58,2203.23
690,2224,2265,2203.17,2252.44,2782.8,6220128.6,2235.2
691,2251.18,2333.92,2206.72,2332.56,6310.64,14379709.68,2278.65
692,2332.57,2334,2269.36,2298.01,4282.06,9864928.27,2303.78
693,2298.01,2392,2296.81,2386.1,4267.81,10052604.79,2355.45
694,2385.86,2438.11,2352.11,2427.01,4259.99,10232394.85,2401.98
695,2427,2456.39,2321.05,2372.85,6649.13,15996002.61,2405.73
696,2373.86,2420,2360,2413.63,3224.74,7709415.62,2390.71
697,2413.58,2447.64,2381,2437.51,1879.04,4543655.32,2418.08
698,2435.06,2449.55,2413.56,2439.97,2581.35,6277444.04,2431.85
699,2433.37,2442.08,2370.03,2438,4635.77,11204573.35,2416.98
700,2437.28,2489,2407.17,2488.94,3332.55,8160442.75,2448.71
701,2488.94,2496,2445,2457.93,2236.45,5533625.79,2474.29
702,2457.47,2529.78,2455,2523.99,2275.23,5687965.02,2499.96
703,2523.98,2584.34,2506.8,2579.84,2455.42,6251341.09,2545.94
704,2579.83,2583.75,2530,2540.94,3843.49,9822178.75,2555.54
705,2538.1,2547.53,2477.99,2526.95,2513.71,6321764.45,2514.91
706,2526.95,2569,2504.55,2547.97,2161.52,5479872.96,2535.19
707,2547.97,2555.79,2510,2528.82,2154.93,5459701.29,2533.59
708,2526.52,2539.99,2460,2530.27,1998.46,5002026.35,2502.94
709,2530.27,2589.5,2525.28,2568.15,2213.43,5676738.01,2564.68
710,2567.69,2595,2562.68,2594,2500.15,6451690.79,2580.52
711,2594,2628.08,2570,2623.56,3003.68,7820970.01,2603.8
712,2627.5,2699.35,2613.22,2698,4504.19,11969813.51,2657.48
713,2698,2877.47,2691.2,2840.76,7029.45,19628693.79,2792.35
714,2839.54,2884.32,2827.11,2865,4093.61,11689107.64,2855.45
715,2865,2933,2689.4,2776.41,11537.15,32447033.12,2812.4
716,2777.92,2889.89,2776.02,2880.74,4035.46,11484272.22,2845.84
717,2875.71,2893.28,2802.99,2860,2179.9,6219382.28,2853.06
718,2858.92,2868,2782.02,2849.79,3236.2,9161052.72,2830.81
719,2849.71,2869.64,2754.67,2809.01,4536.31,12791215.01,2819.74
720,2809.02,2816.72,2612.5,2683.03,7014.63,19033776.43,2713.44
721,2680.24,2795,2613.13,2795,3027.64,8192985.87,2706.06
722,2794.95,2810,2752.95,2754,2868.56,7987448.51,2784.48
723,2754,2774.64,2700,2739.99,4427.94,12130541.59,2739.55
724,2739.99,2815,2723.99,2806,2927.27,8119051.32,2773.6
725,2805.46,2844,2790.91,2814.02,1601.86,4515022.09,2818.61
726,2814.01,2829.43,2780.43,2812,1646.02,4621694.38,2807.8
727,2810.92,2868.23,2810.92,2850.17,2515.37,7156246.03,2845.01
728,2850.1,2850.1,2790,2822.32,2273.07,6408193.74,2819.19
729,2818,2844.26,2810.83,2818.75,1290.24,3649677.65,2828.69
730,2816.29,2895,2800,2894.85,2090.4,5948684.16,2845.71
731,2895,2912.98,2850.55,2870.76,2985.35,8607875.52,2883.38
732,2870.96,2900,2800,2899.99,3227.38,9228528.78,2859.45
733,2899.01,2909.51,2861.53,2887.9,1719.68,4960432.01,2884.51
734,2887.67,2900,2871.15,2873,985.73,2846403.29,2887.62
735,2877.45,2960.24,2873.01,2938.74,2727.95,7967981.28,2920.87
736,2938.74,2967.46,2925.49,2954.22,1397.25,4115179.1,2945.19
737,2954.23,2980,2936.02,2957.16,1757.14,5203734.74,2961.47
738,2956.08,2962.53,2702,2748.8,9365.99,26399458.42,2818.65
739,2736.12,2807.97,2480.03,2585,12589.94,33707599.78,2677.34
740,2582.09,2689,2505.01,2667.06,7821.87,20488493.29,2619.39
741,2656.97,2720,2638.62,2708.51,3102.5,8324171.76,2683.06
742,2710.42,2783.62,2666.71,2716.19,4106.59,11224868.36,2733.38
743,2716.19,2750,2695.4,2731.19,5018.09,13707705.56,2731.66
744,2726.75,2740.04,2670,2703.02,4048.65,10960712.52,2707.25
745,2705.99,2769.48,2697,2766,2683.47,7354100.2,2740.52
746,2768.69,2801,2705.33,2726.01,3279.15,9012848.33,2748.53
747,2726.01,2743.5,2490.01,2565.79,13125.2,34149293.65,2601.81
748,2569.03,2596.35,2320,2450,10391.01,25598749.68,2463.55
749,2451.42,2516.2,2299,2322.61,5574.98,13399461.36,2403.5
750,2322.61,2474.66,2230,2299.23,9068.06,21364936.07,2356.07
751,2300.02,2371.55,2120,2222.15,15102.79,33817572.13,2239.16
752,2220.21,2434,2198.13,2424.91,7005.26,16370945,2336.95
753,2424.96,2429,2307.66,2420.5,2475.63,5859824.21,2367.01
754,2428.09,2525,2419.76,2461.02,3996.8,9899979.01,2476.97
755,2473.18,2510,2400,2490,4129.94,10120571.13,2450.54
756,2487.08,2540,2412.1,2484.68,3200.02,7951366.99,2484.79
757,2484.68,2512,2420.53,2500.01,2391.44,5902451.57,2468.16
758,2503.83,2585,2494.4,2571.99,2670.67,6786826.64,2541.24
759,2575.29,2652.36,2525.13,2620.54,3669.79,9494953.14,2587.33
760,2620.55,2674.4,2620.55,2630,2411.08,6385565.06,2648.43
761,2630.06,2665,2588.79,2632.34,1452.64,3818768.59,2628.85
762,2640.36,2640.36,2485,2566.44,3020.22,7721729.48,2556.67
763,2570.99,2585.99,2514,2554.92,2144.41,5470150.08,2550.89
764,2554.93,2561.52,2460.62,2516.98,2806.96,7013032.52,2498.45
765,2516.98,2574.47,2499.71,2574.47,1841.74,4689799.52,2546.4
766,2574.59,2583.47,2480.96,2527.84,2746.19,6964433.34,2536.04
767,2527.84,2594,2519.11,2589.65,3546.02,9076126.33,2559.53
768,2589.6,2598,2551.97,2598,2436.73,6281501.31,2577.84
769,2598,2653,2593.86,2624.1,2588.76,6800948.44,2627.1
770,2624.05,2629.35,2581,2621.01,2802.66,7311467.16,2608.76
771,2621,2710.6,2615,2704.84,4956.15,13190100.5,2661.36
772,2704,2783,2696.77,2740,5544.13,15235648.64,2748.07
773,2734.03,2789,2701.53,2718.05,2433.48,6687540.34,2748.14
774,2717.52,2750.36,2632.81,2735.24,3933.54,10640425.24,2705.05
775,2733.11,2749.7,2665,2696.21,4166.75,11293159.3,2710.3
776,2696.21,2720,2611,2657.04,5142.55,13683735.43,2660.89
777,2658.67,2678.65,2594.61,2632.05,1930.9,5110407.6,2646.65
778,2632.03,2690,2625.01,2680.01,2882.71,7674530.86,2662.27
779,2680.01,2740,2662.74,2716,3894.94,10535234.28,2704.85
780,2716,2727.75,2675.71,2713.48,2084.25,5635673.11,2703.93
781,2713.48,2739.99,2700.88,2729.18,1412.86,3850529.4,2725.35
782,2729.09,2729.09,2688.88,2718,1928.38,5223765.57,2708.89
783,2712.4,2745,2700,2733.57,2217.21,6039639.58,2723.98
784,2733.23,2734.35,2657.46,2685.05,2674.03,7234085,2705.31
785,2685.05,2723.95,2683.33,2723.93,1200.58,3243057.57,2701.24
786,2718.55,2724.96,2700.46,2707.24,723.43,1961098.64,2710.84
787,2714.53,2718.68,2598.28,2614.37,6409.42,16935604.33,2642.3
788,2614.24,2614.38,2512.13,2557.66,5009.39,12805042.19,2556.21
789,2557.66,2580.73,2505.25,2572.03,1852.72,4709275.47,2541.82
790,2572.03,2625,2566.6,2624.73,1962.18,5091739.85,2594.93
791,2620.43,2635.72,2558,2598.13,1494.02,3876145.68,2594.43
792,2595,2598.55,2432,2502.03,5030.65,12572792.89,2499.24
793,2502.26,2550.03,2478.94,2512.36,1637.74,4132712.89,2523.43
794,2509,2541,2432.97,2500,6067.88,15161943.46,2498.72
795,2500,2529.28,2372.01,2392.61,8151.57,19988570.32,2452.11
796,2392.5,2449,2315.01,2421.22,6237.03,14812773.99,2374.97
797,2421.21,2465,2390,2448.6,2302.54,5609471.06,2436.21
798,2448.58,2457,2351.19,2379.99,4392.87,10532662.36,2397.67
799,2379.99,2410.39,2291,2350.71,7497.41,17576061.49,2344.28
800,2353,2565,2337.77,2565,4936.78,12056395.13,2442.16
801,2565,2567.01,2468.01,2492.96,3100.31,7799513.55,2515.72
802,2493.01,2549.44,2473.81,2538,3442.19,8654508,2514.24
803,2533,2570,2520.1,2549.91,2975.48,7583310.91,2548.6
804,2551.95,2593,2530.89,2559.9,2756.56,7068703.31,2564.32
805,2550.99,2576.98,2536.55,2550,1232.74,3150773.01,2555.91
806,2550.01,2584.88,2524.11,2542.25,1763.64,4507157.14,2555.6
807,2542.01,2594.78,2500.31,2587.54,2654.35,6773122.52,2551.71
808,2592.93,2592.93,2531.11,2541.59,2474.65,6340025.67,2561.99
809,2538.41,2555,2503.17,2520,1774.02,4487129.24,2529.35
810,2520,2564.58,2503.01,2552.51,1776.77,4494413.66,2529.55
811,2552.51,2552.51,2505.02,2536,2310.91,5835796.5,2525.32
812,2534.21,2536,2451,2465.49,2854.01,7131303.63,2498.69
813,2465.48,2489.5,2430,2469.04,1500.25,3685966.8,2456.91
814,2468.82,2517.11,2468.82,2500,1272.17,3176017.16,2496.53
815,2499.21,2503.69,2430.63,2447.35,2434.87,5988939.78,2459.66
816,2447.36,2450,2390,2412.41,3678.61,8899567.49,2419.28
817,2421.3,2446.16,2374.34,2437.39,2754.38,6609678.52,2399.69
818,2440,2459.99,2409.55,2451.76,1663.94,4052162.96,2435.28
819,2450.01,2484.78,2414.72,2480.27,1799.48,4412309.04,2451.99
820,2480.27,2528.72,2470,2504.37,2526.73,6312123.16,2498.14
821,2504.81,2516.12,2476.41,2492,1601.32,3994837.49,2494.71
822,2492,2510,2472.68,2507.99,1804.61,4494792.71,2490.73
823,2507.89,2595,2507.04,2554.8,5830.72,14895973.92,2554.74
824,2552.54,2575,2527.8,2550.47,2284.05,5828101.62,2551.65
825,2540.07,2632,2540.07,2624.22,2796.75,7274907.75,2601.2
826,2622,2639.47,2589,2611.42,1862.73,4867458.82,2613.08
827,2611.42,2627.17,2558,2590.36,3483.05,9042000.88,2596
828,2585.03,2601.96,2552.02,2596.12,1520.22,3923115.43,2580.62
829,2594.52,2598.89,2530.1,2560.22,4068.33,10403441.83,2557.18
830,2559,2561.28,2530.26,2559.91,1979.43,5043756.9,2548.09
831,2557.76,2587.51,2550.55,2585.32,2437.83,6266124.76,2570.37
832,2587.29,2623,2582.52,2602.9,2397.26,6237021.22,2601.73
833,2598.37,2613.64,2570.91,2582.04,1504.84,3900910.89,2592.25
834,2586,2614,2522,2589.85,2969.13,7621525.51,2566.92
835,2591.91,2601.42,2576.99,2594.94,2723.8,7053228.91,2589.48
836,2599.34,2612,2585.3,2600.39,1136.22,2953936.4,2599.8
837,2599.01,2605,2565.9,2579.1,1136.42,2931754.11,2579.81
838,2574.35,2584.25,2534,2539.99,2187.13,5596017.59,2558.61
839,2539.94,2540,2486.01,2534.99,3775.91,9506634.98,2517.71
840,2534.99,2535.53,2475,2501.46,2331.15,5836157.68,2503.55
841,2501.46,2518.86,2462,2507.95,1827.19,4549195.53,2489.73
842,2504.47,2527.83,2478.05,2510.3,998.7,2502398.17,2505.66
843,2510.3,2539.53,2506.58,2515.98,1344.12,3394311.76,2525.31
844,2515.98,2555,2508.62,2550.07,1235.89,3138584.06,2539.54
845,2550.13,2558.99,2536.3,2544.47,997.58,2543283.9,2549.45
846,2544.49,2548.09,2515,2534.79,816.98,2069823.16,2533.51
847,2542.51,2564.65,2523,2545.58,991.48,2522043.59,2543.73
848,2545.86,2555.96,2500.5,2502.28,1677.11,4227277.31,2520.58
849,2504,2520.96,2490.66,2510.94,942.77,2361297.99,2504.63
850,2507.37,2527.88,2475.53,2489.94,1938.77,4870902.09,2512.37
851,2490,2497.41,2365.11,2420.85,7377.03,17896443.25,2425.97
852,2420.89,2423,2261.85,2323.45,7037.77,16522200.45,2347.65
853,2326.12,2370.64,2285.09,2313.01,3434.84,8014725.2,2333.36
854,2313,2370.8,2242.62,2352.76,5447.3,12675468.43,2326.93
855,2351.56,2399,2335,2353.44,5233.91,12383732.7,2366.06
856,2353.67,2359.98,2300,2305.98,3464.91,8071957.62,2329.63
857,2301.55,2327.1,2239.54,2306.63,2994.92,6837580.03,2283.06
858,2305.25,2383.07,2301.52,2373.67,2891.68,6771244.84,2341.63
859,2373.66,2408.74,2340,2401,3831.73,9103070.61,2375.71
860,2395.84,2408.84,2355.54,2388,3165.22,7544360.09,2383.52
861,2383.97,2425.16,2376.02,2389.98,1977.25,4743577.44,2399.07
862,2386.12,2399.99,2362.18,2394.59,2006.72,4781983.28,2382.99
863,2398.83,2403.99,2320.09,2325.43,2658.06,6259550.49,2354.93
864,2325.43,2352.07,2312.93,2339.99,1787.82,4172797.46,2334.02
865,2340,2350,2307.46,2331.65,1066.24,2475671.57,2321.86
866,2330.35,2357.84,2322.61,2330,1115.59,2612087.14,2341.44
867,2328.68,2328.68,2179.62,2200,5913.5,13260365,2242.39
868,2200,2226,2140,2213.37,4563.68,9978129.41,2186.42
869,2209.44,2219.99,2069,2083.84,4462.13,9488831.01,2126.53
870,2083.87,2116.98,2029.03,2060.18,3625.04,7477197.21,2062.66
871,2058.26,2105,1978,2068.03,8445.5,17157622.07,2031.57
872,2068.04,2094.42,1967.65,1970.51,3354.02,6803359.08,2028.42
873,1970.51,2044.44,1947,1996.49,3242.91,6455887.91,1990.77
874,1996.49,2001.67,1863.04,1873.22,6259.93,12111235.32,1934.72
875,1873.22,1960,1830,1943.58,10605.57,20106796.99,1895.87
876,1943.58,1960.09,1850.93,1917.63,5454.29,10336562.02,1895.12
877,1917.72,2000,1910.57,1996,3704.92,7263655.04,1960.54
878,1995.99,2099,1990.2,2014.46,5691.75,11682048.86,2052.45
879,2014.46,2137.97,1976.17,2122.96,7701.03,15809867.71,2052.95
880,2122.95,2229.97,2102.34,2226,9350.79,20301866.74,2171.14
881,2226,2285.7,2164,2251.51,5571.55,12287613.66,2205.42
882,2252.72,2326.27,2219.73,2300,6635.63,15108818.12,2276.92
883,2300.01,2374.78,2280,2327.14,7551.14,17549568.29,2324.09
884,2336.72,2392,2265.77,2303.71,5446.17,12737996.99,2338.89
885,2308.82,2353.91,2232.5,2343.14,3175.8,7307407.64,2300.96
886,2349.02,2402.5,2332.97,2347.99,4033.68,9551044.83,2367.82
887,2344.1,2352.84,2273,2284.04,4804.73,11108204.25,2311.93
888,2284.04,2292.07,2223,2265.21,4995.67,11281790.15,2258.31
889,2265.51,2355.78,2265.51,2351.01,2301.88,5341608.64,2320.54
890,2355.77,2471.26,2303.2,2463.98,4143.55,9850880.54,2377.4
891,2461.92,2675,2450.02,2598,13386.13,34618219.65,2586.13
892,2596.49,2938,2560,2875.03,11158.33,30578029.39,2740.38
893,2880,2887.45,2656,2791.97,6658.55,18316922.03,2750.89
894,2791.88,2800,2667,2757.99,5070.26,13844557.38,2730.54
895,2755.73,2801,2675.02,2682.99,4677.94,12844477.62,2745.76
896,2680,2714.79,2611.39,2670,4317.42,11450398.31,2652.14
897,2667.01,2749.9,2644.59,2749.65,1502.51,4069809.61,2708.67
898,2744.48,2882,2737.14,2818.18,5044.1,14170404.4,2809.3
899,2820.1,2842.12,2742.25,2840.04,4048.87,11303203.82,2791.7
900,2842.11,2842.5,2779,2832.71,2224.16,6261726.57,2815.33
901,2824.82,2855,2738.43,2785,2675.48,7514466.36,2808.65
902,2785.01,2808.76,2640,2677.78,3622.86,9828666.37,2712.96
903,2677.79,2830,2656.07,2768.84,3181.31,8765169.88,2755.2
904,2768.31,2800,2712.25,2749.02,1522.32,4202486.13,2760.59
905,2756.8,2776.46,2701,2713.04,1583.52,4344660.75,2743.67
906,2716.83,2772.64,2706.41,2762.99,1973.81,5412900.21,2742.36
907,2762.99,2800,2720,2731.56,4264.07,11816240.97,2771.12
908,2731.56,2772.74,2720,2759.98,2180.51,5988899.1,2746.56
909,2759.95,2775.79,2739.01,2758.34,910.03,2510216.62,2758.39
910,2758.04,2772.89,2543,2570.23,8078.96,21345061.53,2642.06
911,2570.7,2603.89,2511,2559.71,6265.02,16032226.35,2559.01
912,2559.71,2578,2450,2564.82,6072.54,15233216.4,2508.54
913,2564.74,2608.96,2450,2475.04,3207.2,8100154.1,2525.62
914,2476.33,2552.89,2422.22,2538.92,5559.7,13825725.54,2486.78
915,2534.99,2554.87,2400,2473.04,6156.56,15216839.36,2471.64
916,2472.99,2545,2443.7,2524.99,2790.21,6948730.21,2490.4
917,2524.99,2578.31,2509.63,2562.49,2069.26,5258693.12,2541.34
918,2567.22,2600,2528.34,2577.02,2335.84,5986533.17,2562.9
919,2577.01,2585.97,2526.11,2579.73,4004.98,10257361.58,2561.15
920,2580.11,2695,2542.46,2666.33,3416.39,8968336,2625.09
921,2666.33,2731.72,2655.82,2684.93,2102.11,5648948.63,2687.27
922,2684.94,2825,2673,2815,4486.01,12342042.01,2751.23
923,2815.98,2821.08,2712,2765.98,4450.31,12315417.75,2767.32
924,2765.96,2800,2725.38,2777.01,3031.07,8369432.24,2761.21
925,2777.01,2785.65,2667.72,2737.63,2531.44,6893674.39,2723.22
926,2734.69,2775,2659.95,2672.79,2371.64,6451330.38,2720.2
927,2672.54,2729.15,2657.39,2712.19,2328.83,6266048.6,2690.64
928,2705.76,2746.79,2631.78,2680.56,3550.3,9548747.58,2689.56
929,2681.6,2720,2575,2622.53,4361.16,11604620.76,2660.9
930,2625,2655.96,2569.69,2648.38,1842.47,4815578.42,2613.65
931,2648.38,2728,2644.42,2710.96,1479.15,3976780.73,2688.56
932,2710.97,2774.45,2700,2742.37,1995.38,5451913.17,2732.27
933,2745.76,2747.79,2690.01,2717.08,949.22,2573705.5,2711.38
934,2716.98,2770,2680.01,2768.99,3723.15,10149269.04,2725.99
935,2768.99,2792.23,2725,2779.77,2555.23,7059852.06,2762.91
936,2779.77,2889.99,2772.39,2855.81,3886.74,10994469.62,2828.71
937,2855.81,2929.17,2821.01,2900,1178.86,3383025.18,2869.75
938,2895.02,2914.67,2615,2754.9,3839.12,10551625.32,2748.45
939,2754.9,2776.86,2649.11,2716.87,4583.44,12378477.15,2700.7
940,2716.86,2779.53,2690,2731,2923.66,8009668.9,2739.61
941,2732,2759,2685,2740.8,1614.92,4406468.92,2728.6
942,2732.12,2759,2700.71,2752.01,1841.6,5024149.88,2728.14
943,2752.03,2760,2670,2705.97,3567.26,9659286.14,2707.76
944,2705.97,2719.95,2650,2703.51,2462.85,6611201.16,2684.37
945,2703.51,2725,2698.83,2712.37,875.85,2376356.8,2713.21
946,2712.59,2747.93,2706.7,2736.69,2036.92,5565638.17,2732.38
947,2735.21,2770,2724.01,2751.47,2132.62,5860555.74,2748.05
948,2751.47,2807.44,2749.52,2793.37,2918.31,8135753.29,2787.83
949,2793.34,2801.19,2765.91,2793.6,1093.97,3046772.7,2785.06
950,2793.67,2875,2775.82,2841.98,2368.23,6715735.34,2835.76
951,2841.77,2877.52,2833,2850.28,1809.73,5169965.6,2856.76
952,2850.48,2867.9,2825,2855,2363.89,6717613.99,2841.76
953,2851.01,3215.66,2848.32,3097,4629.61,14062047.54,3037.42
954,3097,3230,3094.55,3145.93,4198.9,13329411.23,3174.5
955,3143.7,3339.66,3132.82,3305.98,4645.03,15026471.49,3234.96
956,3305.87,3315.6,3165,3263.62,3522.74,11443995.77,3248.61
957,3263.51,3296.51,3185.02,3218,1527.92,4957171.88,3244.38
958,3217.99,3233.84,3146.1,3182.79,1338.61,4271518.61,3191.02
959,3182,3294.35,3182,3275.89,2088.8,6786340.3,3248.91
960,3276.74,3291.88,3204.51,3222.75,1043.4,3397625.18,3256.3
961,3216.78,3256,3186,3243.39,1088.18,3508058.85,3223.79
962,3254.99,3384.09,3230,3355.3,2700.85,8902098.72,3296.04
963,3354.27,3430,3335.27,3342.02,5656.43,19089916.14,3374.9
964,3342.03,3397.25,3325,3387.55,2600.66,8725778.29,3355.22
965,3387.54,3478.65,3340.25,3429.32,2653.23,9046519.63,3409.63
966,3428.09,3490,3410.01,3440.2,4694.12,16168074.2,3444.33
967,3441.68,3464.32,3300,3384.02,5981.56,20265230.79,3387.95
968,3380.88,3463.31,3355.55,3412.41,2506.47,8574999.63,3421.14
969,3408.46,3423.1,3333.36,3379.63,1670.27,5637140.53,3375
970,3370.48,3415,3178.72,3309.97,4740.02,15655785.68,3302.89
971,3307.78,3326.53,3240.01,3319.99,4123.48,13549361.96,3285.91
972,3319.99,3370,3293.01,3342.99,3753.08,12514176.23,3334.37
973,3342.99,3366,3311.17,3364.05,1744.37,5823263.64,3338.31
974,3364.01,3430,3353.97,3401.99,2749.78,9341032.93,3397.02
975,3396.28,3448,3369.99,3419.99,2710.77,9259543.95,3415.83
976,3415.17,3439.88,3385,3413.03,1826.2,6234599.99,3413.97
977,3410,3490.86,3390.67,3476,2603.94,8934662.28,3431.21
978,3470.19,3500,3455,3492.98,2887.94,10044817.04,3478.19
979,3492.99,3550,3482.29,3535.01,3543.71,12488541,3524.14
980,3535.1,3705,3528,3645.06,2891.78,10420001.94,3603.32
981,3651.74,3723,3586.95,3715,1312.32,4808837.8,3664.39
982,3710.54,3818,3700,3758.94,3227.72,12111791.49,3752.43
983,3758.92,3934,3695.17,3842.48,4195.09,16052545.15,3826.51
984,3855.5,3897.97,3725.37,3855.1,3615.95,13826623.96,3823.79
985,3855.04,4094,3855.01,4018.14,4758.02,18981401.45,3989.35
986,4003.21,4190,3891,3966.99,5139,20858173.58,4058.8
987,3964.97,4085.1,3841.71,3980,4057.26,16024379.34,3949.56
988,3990.36,4112.97,3935,4053.87,1935.55,7808149.08,4034.07
989,4053.87,4085.1,3964.96,4005.2,1121.92,4522680.18,4031.18
990,4005.05,4228,4005.05,4148.28,3193.67,13241491.14,4146.17
991,4137,4328,4112.01,4279.97,6052.35,25716390.69,4249
992,4280,4329.43,4194.7,4306.23,3844.37,16355440.8,4254.39
993,4320.95,4400,4302,4350,3874.49,16893987.5,4360.31
994,4350,4351.69,3925.7,4120,7779.78,32164999.14,4134.44
995,4126.56,4146.79,3800,4084,9876.29,39233033.65,3972.45
996,4085,4198.55,3979,4155.67,3985.15,16359348.77,4105.07
997,4154.99,4197.11,3950,3980.51,2288.38,9317010.07,4071.45
998,3970.07,4165,3926.06,4074.85,2483.44,10116460.98,4073.57
999,4074.85,4364,4020,4275.71,4668.55,19761133.6,4232.82
1000,4275.7,4379.78,4229.52,4378.84,3483.27,14999721.15,4306.22
1001,4361.99,4385,4208.88,4320.51,1924.83,8290557.13,4307.17
1002,4310.02,4480,4277.82,4412.98,3620.32,15955374.62,4407.17
1003,4405,4470,4255,4259,4802.55,20922180.2,4356.47
1004,4258.99,4350,4167.21,4276.5,4225.48,18060492.24,4274.19
1005,4260.47,4325,4179,4296.85,2660.87,11327857.37,4257.2
1006,4296.88,4368,4241,4308.99,2158.97,9298667.83,4306.98
1007,4308.99,4340,4125,4187.88,5504.43,23298076.76,4232.61
1008,4187.88,4197.41,3964.96,4100,7192.72,29299427.28,4073.48
1009,4100,4188,4044.66,4059.54,2346.99,9673631.84,4121.72
1010,4050.87,4085,3924.64,3955.05,4078.15,16339673.66,4006.63
1011,3955.05,4125.95,3900,4010.99,6668.52,26681154.81,4001.06
1012,4010.99,4130,4005.55,4099.55,1942.52,7910445.26,4072.26
1013,4091.99,4102,4000,4045.98,1701.89,6872805.28,4038.33
1014,4045.79,4125.95,4004.5,4044.6,1228.9,4994526.8,4064.23
1015,4044.6,4081.79,4000,4062.99,1547.15,6244382.17,4036.06
1016,4062.99,4125.95,4026,4058.68,1760.04,7177924.34,4078.28
1017,4058.64,4078.71,4000.01,4005,1101.52,4436211.01,4027.35
1018,4005.01,4080,3949.78,4031,2341.99,9401642.23,4014.38
1019,4043.64,4054.68,3969.16,3988.01,3548.7,14215621.62,4005.87
1020,3990,4042.05,3962.21,3987.52,2789.84,11150434.1,3996.79
1021,3987.51,3993.4,3600,3750.59,8467.07,32151216.31,3797.21
1022,3750.59,3927,3750.59,3899,5767.91,22088376.06,3829.53
1023,3896.18,4017,3868.05,4007.56,4116.83,16239114.87,3944.56
1024,4007.56,4139.31,4007.55,4085,5170.95,21121618.48,4084.67
1025,4078,4139.97,4051.94,4066.99,2063.8,8443824.24,4091.4
1026,4066.99,4248.97,4063.75,4228.91,4420.35,18385828.76,4159.36
1027,4228.91,4248.75,4123.5,4150,4501.86,18871419.1,4191.92
1028,4145.25,4177,4062.26,4108.12,3993.39,16416219.46,4110.84
1029,4121.78,4178.32,4082.57,4119.9,2461.66,10145790.14,4121.53
1030,4119.9,4192.23,4115.15,4169.99,1619.38,6736323.28,4159.82
1031,4169.99,4246.41,4125.2,4200,3279.81,13756661.25,4194.35
1032,4200,4350,4185.67,4300.34,3421.85,14535294.01,4247.79
1033,4308.8,4373.84,4291.36,4315.03,1719.99,7452142.57,4332.66
1034,4315,4373.98,4300.02,4353.99,1704.38,7402311.16,4343.11
1035,4353.98,4449.98,4329,4419.99,3155.63,13882978.26,4399.43
1036,4419.99,4438.4,4270,4355.98,3119.6,13536631.4,4339.21
1037,4348.17,4369.78,4252.77,4315.97,1597.33,6882242.64,4308.59
1038,4315.97,4343.11,4287,4297.57,1772.72,7640084.5,4309.8
1039,4296.84,4307.4,4232.43,4280.9,1788.06,7641057.07,4273.37
1040,4280.9,4349.99,4279.9,4333.38,1401.55,6064531.07,4327.01
1041,4333.38,4393.3,4301.94,4333.35,1179.53,5127844.12,4347.36
1042,4333.37,4359.99,4301.63,4342.76,1164.3,5043693.45,4331.95
1043,4333.7,4354.95,4290.32,4346,822.65,3560396.06,4327.97
1044,4346,4365.96,4322.72,4337.68,812.65,3532033.59,4346.34
1045,4329.91,4344.22,4169.01,4227.6,3372.07,14327999.45,4249.02
1046,4222.5,4326,4222.5,4318.8,1575.2,6739991.55,4278.83
1047,4318.79,4350,4275,4332,1934.86,8342771.08,4311.83
1048,4338.78,4399.72,4325,4379.99,1758.88,7666441.31,4358.71
1049,4385,4399.72,4356.05,4364.19,1324.04,5792293.46,4374.71
1050,4364.19,4403.93,4336.26,4378,1934.17,8441224.49,4364.26
1051,4378,4649.78,4364.21,4552.64,6386.66,28991566.58,4539.39
1052,4552.65,4638.25,4545.01,4578.82,2234.77,10266083.88,4593.8
1053,4578.82,4642.22,4561.84,4613,1279.96,5900466.53,4609.88
1054,4613,4630,4479,4524,4105.73,18689011.99,4551.93
1055,4529.11,4589,4516.48,4583,1995.88,9097330.74,4558.06
1056,4582.99,4589.52,4532.58,4573.2,1338.46,6113729.89,4567.72
1057,4573.15,4628,4566.66,4624.04,943.74,4347710.28,4606.9
1058,4624.02,4687,4589.53,4687,2461.88,11388569.93,4625.97
1059,4687,4741.5,4671.1,4735,3168.29,14925762.42,4710.98
1060,4735,4765.21,4700,4734.26,2337.5,11064167.85,4733.33
1061,4734.26,4777.76,4680,4680,2509.32,11873676.97,4731.84
1062,4679.59,4810,4671.09,4810,3527.39,16789244.12,4759.68
1063,4810,4870,4778.12,4844.84,4914.86,23733129.41,4828.85
1064,4829.95,4935,4812.53,4921.7,4415.96,21493617.01,4867.25
1065,4921.71,4979.9,4590,4644.89,5378.64,25977717.19,4829.8
1066,4644.89,4799.12,4600,4694.34,3573.9,16795278.44,4699.42
1067,4700.15,4730.31,4488.5,4619.02,5160.15,23674563.18,4587.96
1068,4618.33,4624.99,4491.02,4599.9,2865.1,13045147.99,4553.11
1069,4599.9,4699.76,4595.45,4699.76,2207.81,10254995.58,4644.87
1070,4699.76,4700,4539.52,4573.48,2176.5,10071071.88,4627.19
1071,4573.37,4589.43,4385,4518,3855.96,17223572.54,4466.74
1072,4510,4624.72,4467.82,4606.26,2984.64,13562394.99,4544.06
1073,4603.68,4613.97,4510.82,4533.09,1597.36,7259437.47,4544.64
1074,4525.02,4526.78,4230,4288.71,8060.82,35160069.82,4361.85
1075,4288.67,4375,4058.5,4066.51,9180.18,38858537.55,4232.87
1076,4066.51,4410.97,4060.09,4277,6230.76,26514562.1,4255.43
1077,4282.53,4282.8,4001.93,4030.05,6657.3,27303695.14,4101.32
1078,4030.05,4339,4021.94,4339,4591.88,19247393.79,4191.62
1079,4339,4377.83,4215.12,4354.63,5507.69,23699281.84,4302.94
1080,4344.38,4474.88,4334.38,4396.52,4127.35,18194102.38,4408.18
1081,4397.38,4498.84,4380.01,4399.87,2963.64,13175319.19,4445.66
1082,4399.87,4594,4356.42,4579.94,6532.09,29470797.8,4511.69
1083,4579.94,4649.23,4495,4645.94,4615.79,21090022.12,4569.11
1084,4645.98,4645.98,4521,4605.8,2522.59,11570666.26,4586.82
1085,4605.81,4609.8,4480,4550,1879.34,8523635.6,4535.43
1086,4549.83,4639.99,4475,4620,2419.49,11015818.47,4552.96
1087,4626.54,4674.34,4588.67,4618.16,2938.54,13621820.54,4635.58
1088,4617.77,4630,4564.41,4615,2017.48,9274054.38,4596.84
1089,4615,4619.77,4565.55,4608.17,918.4,4217706.81,4592.47
1090,4604.26,4679.97,4595.02,4627.84,2039.02,9464379.21,4641.62
1091,4627.8,4647.67,4227.64,4319.99,13145.97,57687312.74,4388.21
1092,4315.05,4380.67,4125.99,4312,7589.91,32200024.44,4242.48
1093,4327.41,4377,4164,4376.81,2764.88,11777582.04,4259.71
1094,4376.84,4379.78,4272.4,4356.01,1955.19,8463008.3,4328.48
1095,4359.48,4378.71,4215.77,4254.14,2672.39,11455235.3,4286.52
1096,4254.14,4334.38,4176,4308.72,2581.93,10993508.98,4257.87
1097,4322.44,4322.44,4102.17,4142,3103.03,12984863.31,4184.57
1098,4143,4146,4010,4121.52,6416.72,26176524.12,4079.42
1099,4118.41,4312.82,4082.57,4268.01,3443.45,14376861.31,4175.13
1100,4282.26,4297.33,4212.92,4226.22,1761,7502203.31,4260.2
1101,4226.21,4353.49,4092.4,4144,3336.19,14118872.1,4232.04
1102,4140.07,4216.96,4105,4178.49,3011.21,12551233.47,4168.18
1103,4178.01,4291.36,4162.17,4223.71,3461.17,14667989.18,4237.87
1104,4223.59,4229,4170.99,4207.31,1383.03,5810885.23,4201.55
1105,4198.89,4306.4,4198.89,4300.95,1637.19,6976032.8,4260.98
1106,4300.93,4377.65,4264.02,4339.98,3306.45,14283984.18,4320.04
1107,4339.98,4355,4185.67,4187,3536.16,15077612.08,4263.84
1108,4186.04,4204.99,4080,4172.56,4814.64,19930410.73,4139.54
1109,4170.6,4179.14,3906.66,3975.99,6104.37,24500196.91,4013.55
1110,3985.01,4044.94,3814.5,3830,7020.17,27503429.25,3917.77
1111,3830,3960,3720.01,3910.51,11879.97,45500687.56,3830.03
1112,3907.07,3949.99,3830,3865.34,4631.88,18012583.4,3888.83
1113,3861.89,3921.74,3752,3792.71,3534.21,13532551.85,3829.02
1114,3790.09,3899.82,3581.35,3604.96,10320.95,38483037.96,3728.63
1115,3615.07,3681.15,3311,3311,14690.69,51500663.75,3505.67
1116,3310,3491.08,3210,3227.79,12773.54,42585476.16,3333.88
1117,3227.79,3449.37,3223.56,3325.91,7621.38,25501879.03,3346.1
1118,3331.48,3347.92,2972.01,3022.89,18416.09,56963198.72,3093.12
1119,3022.89,3759,3000.06,3579.59,25053.35,86708098.92,3460.94
1120,3582.27,3820,3553.9,3700.01,9188.12,33995209.32,3699.91
1121,3699.89,3872.9,3687.48,3833.96,3520.46,13309381.88,3780.58
1122,3833.96,3845,3541.84,3674.98,9663.84,35598552.9,3683.69
1123,3666,3675,3500,3625.32,7001.17,25063398.35,3579.89
1124,3625.32,3727,3604.63,3678.93,2972.76,10934581.63,3678.26
1125,3669.07,3676.27,3561,3579.12,2220.77,8047566.66,3623.77
1126,3568.18,3623.63,3463,3567.8,3866.31,13706765.57,3545.18
1127,3567.77,3772.52,3554,3756.9,3647.52,13367965.65,3664.94
1128,3757,3772,3646.39,3662.99,2035.61,7535478.68,3701.82
1129,3662.95,3848.35,3659.42,3848.01,3455.85,13044921.97,3774.73
1130,3848.01,4001,3830,3947.27,5710.79,22451362.42,3931.39
1131,3947.2,4100,3936,4004,5338.38,21548852.1,4036.59
1132,4003.98,4122.7,3982.03,4101.6,2702.57,10943332.96,4049.23
1133,4102,4119.7,3848.35,3899.57,4827.88,19101707.97,3956.55
1134,3899.55,4035.04,3879,4001.92,4214.77,16674406.72,3956.19
1135,4001.92,4042.05,3951.14,3990.5,2541.32,10143386.8,3991.39
1136,4001.8,4021.94,3860,3888.8,3694.97,14484990.09,3920.19
1137,3888.8,3937.3,3820.56,3895.99,3035.09,11742284.27,3868.85
1138,3895.11,3971.49,3869.79,3904.6,2647.96,10387581.6,3922.86
1139,3913.67,4050,3900.39,3990.01,3132.75,12507847.85,3992.61
1140,3990.01,4005.28,3859.99,3874.46,2844.47,11209525.14,3940.81
1141,3864,3904.82,3803.42,3869.89,3333.34,12836304.85,3850.89
1142,3869.89,3914,3829.27,3867.32,1793.16,6944020.01,3872.51
1143,3867.25,3876.7,3639,3680.01,7073.24,26461443.97,3741.07
1144,3682.55,3718.47,3573,3617.05,5704.57,20770573.35,3641.04
1145,3607.83,3760.95,3601.86,3717.99,2446.06,9008302.72,3682.78
1146,3717.99,3761.84,3546.1,3558.79,4764.93,17348016.04,3640.77
1147,3558.73,3625.32,3514,3546.49,4550.34,16234678.85,3567.79
1148,3546.52,3642,3546.52,3612.18,3246.41,11680187.2,3597.88
1149,3611.91,3713.66,3552,3691.61,2863.23,10394420.84,3630.31
1150,3691.45,3803.81,3682.44,3803.81,2165.64,8100390.63,3740.42
1151,3804,3810.25,3698.19,3730.55,3220.21,12079313.17,3751.09
1152,3730.54,3783.25,3718.43,3779.17,1874.15,7034975.13,3753.68
1153,3781.13,3783.25,3651,3682.64,1752.72,6522674.93,3721.45
1154,3682.66,3698.19,3615,3688.27,1835.97,6722250.41,3661.42
1155,3681.39,3735.17,3666.47,3680.31,1530.93,5668227.32,3702.47
1156,3680.25,3694.99,3630,3664.22,1389.11,5096555.16,3668.94
1157,3667.01,3811.58,3658.39,3767.65,3983.09,14960031.27,3755.89
1158,3767.95,3788.27,3740,3769.1,1743.45,6561548.84,3763.55
1159,3768.92,3968.59,3750.78,3891.1,6985.74,27201883.93,3893.91
1160,3891.11,3962.21,3888.33,3918,2267.5,8908944.05,3928.96
1161,3920.66,3939.29,3851,3851.01,1766.35,6896255.98,3904.24
1162,3851,3953.26,3850.61,3953.26,3446.94,13492693.45,3914.4
1163,3951.26,3970,3880,3915.57,3484.61,13691859.97,3929.24
1164,3906.36,3922.89,3883.95,3888.03,1316.73,5140150.3,3903.74
1165,3883.95,3949,3870,3942.32,2014.51,7898568.64,3920.84
1166,3940.01,4100,3923,4071,5138.64,20587536.24,4006.41
1167,4071,4097,4042.05,4090,2827.47,11531712.22,4078.46
1168,4080.73,4226.73,4080.73,4199.29,5095.22,21237831.44,4168.19
1169,4202.34,4248.76,4149,4227.73,1945.81,8162411.48,4194.87
1170,4227.82,4270.01,4153.79,4184,2851.65,12036655.89,4220.94
1171,4185.06,4216.54,4123.5,4180,3077.48,12813109.98,4163.51
1172,4176.86,4199.91,4132.19,4184.84,1750.99,7296858.42,4167.27
1173,4183.47,4202.99,4022.02,4036.75,4445.88,18164825.36,4085.77
1174,4036.6,4206.59,4022.38,4190.27,3416.67,14049529.71,4112.05
1175,4190.27,4227.62,4144.12,4163.02,2817.33,11809746.43,4191.82
1176,4163.01,4206.59,4132.01,4164.82,1512.05,6312211.14,4174.6
1177,4162.04,4224.95,4154.28,4224.95,1190.28,4997260.68,4198.38
1178,4224.95,4292.36,4224.95,4259.24,2623.36,11186529.95,4264.2
1179,4264.4,4347.2,4256.7,4312.97,2198.15,9470296.56,4308.3
1180,4312.98,4349,4302.16,4326.09,1484.99,6419361.63,4322.84
1181,4326.09,4349,4255,4290.8,1508.8,6480606.97,4295.22
1182,4290.76,4316.22,4272.21,4273.26,1302.95,5591552.98,4291.45
1183,4278.3,4289.95,4216,4277.99,2851.15,12100940.35,4244.24
1184,4275,4377.22,4264.47,4377.22,1548.44,6698604.49,4326.03
1185,4369.33,4419,4356.05,4408.99,1674.48,7344439.55,4386.1
1186,4408.95,4453,4377.83,4379.98,1945.03,8594624.65,4418.77
1187,4379.97,4429.94,4352,4374.71,2516.65,11055231.98,4392.84
1188,4373.48,4420,4352,4391.48,2123.66,9299454.82,4378.98
1189,4391.41,4425,4288,4304.78,2224.97,9712055.7,4365.02
1190,4304.75,4336.61,4248.76,4295.6,4002.22,17189797.33,4295.07
1191,4295.58,4307,4218,4287.62,4739.8,20217627.51,4265.51
1192,4287.16,4318.64,4251.01,4315.83,1501.07,6432124.93,4285.02
1193,4315.73,4342.88,4285,4330.99,927.15,3996096.47,4310.09
1194,4330.97,4343,4188,4243.25,3415.51,14503606.71,4246.39
1195,4240.25,4247.47,4170.07,4199.99,2645.46,11128992.94,4206.82
1196,4199.99,4233,4180.41,4219.53,1530.87,6439558.82,4206.48
1197,4219.74,4239.98,4137.96,4142.57,1564.9,6540617.48,4179.59
1198,4146.01,4259.98,4138.7,4246.08,2013.22,8459570.15,4202.01
1199,4246.28,4334.38,4246.28,4297,2517.92,10839262.23,4304.85
1200,4292.01,4358.97,4292.01,4301.09,2323.93,10072822.97,4334.39
1201,4301.09,4395,4278.4,4395,1438.62,6229002.06,4329.86
1202,4390.02,4425,4362.45,4390.08,2418.77,10647345.32,4401.96
1203,4390.08,4400,4312.82,4342.03,2661.24,11620644.84,4366.64
1204,4342.02,4375,4298.01,4362.95,1858.68,8055665.92,4334.09
1205,4356.09,4383.95,4344.96,4373.45,671.85,2933898.72,4366.9
1206,4373.45,4373.45,4312.82,4315,703.91,3050299.09,4333.35
1207,4315,4360,4312.82,4354.99,1161.25,5038709.48,4339.03
1208,4354.99,4463,4327.41,4423.3,2109.39,9297157.94,4407.5
1209,4422.72,4462.24,4404.5,4432,1554.79,6887243.4,4429.69
1210,4432,4478.35,4424.35,4448.92,2084.39,9281346.24,4452.8
1211,4448.96,4578.35,4445.92,4556.04,3717.14,16826783.97,4526.81
1212,4556.04,4612,4525.92,4597.98,2727.55,12495069.96,4581.06
1213,4597.97,4624.72,4562.19,4595.01,1225.47,5636300.41,4599.3
1214,4594.9,4612,4541,4596,2269.08,10376995.97,4573.22
1215,4596,4689.31,4552.85,4682.85,3994.84,18488084.62,4627.99
1216,4680,4865,4671.09,4764.7,5434.27,25971826.3,4779.26
1217,4761.67,4837.05,4761.53,4814.98,1456.27,6997001.88,4804.74
1218,4817.41,4847,4750,4797.22,2915.67,13976537.69,4793.59
1219,4795.06,4885.54,4780,4877.45,3250.12,15659906.44,4818.25
1220,4870.12,4909.97,4700,4749.29,4043.96,19455343.34,4810.96
1221,4747.9,4760.65,4700,4754.8,1500.6,7099713.17,4731.25
1222,4752.01,4826.83,4740.67,4767.04,2567.8,12279098.22,4781.95
1223,4767.04,4861.23,4741.5,4830,3336.92,15987061.83,4790.96
1224,4830,4869.78,4789.04,4822.01,2461.57,11890442.2,4830.43
1225,4822.01,4895,4793.66,4894.54,2317.38,11221875.81,4842.48
1226,4885.02,5240,4878.15,5172,8493.13,43270419.65,5094.75
1227,5163.43,5388,5163.42,5251,5723.34,30065929.9,5253.21
1228,5254.31,5445,5222,5445,3382.37,18001697.88,5322.22
1229,5444,5846.43,5395.1,5398.01,9696.88,54327105.02,5602.53
1230,5398.01,5712,5380,5630,7711.43,42693959.58,5536.45
1231,5629.99,5799,5534.32,5699.92,6406.88,36414544.95,5683.67
1232,5706,5706,5479.48,5653.6,4012.19,22412442.33,5586.09
1233,5653.58,5697.94,5581.43,5613.94,1409.57,7943960.59,5635.74
1234,5607.69,5722.88,5558.26,5654.21,2424.03,13661325.72,5635.8
1235,5660.43,5767.14,5643.97,5732.69,2439.06,13927897.14,5710.35
1236,5732.5,5817.34,5636.01,5801.29,2138.28,12246173.01,5727.11
1237,5795.01,5830,5720.01,5752.69,1605.95,9280207.37,5778.65
1238,5752.69,5780.08,5415,5417.62,5177.75,28783187.14,5559.02
1239,5415,5570,5415,5495,2142.77,11776497.17,5495.93
1240,5495,5730.95,5455.65,5679.7,2616.48,14624116.74,5589.22
1241,5683.92,5718.99,5589.8,5656.01,1115.9,6310830.82,5655.38
1242,5655.55,5745,5548,5733,2580.23,14553158.31,5640.25
1243,5733,5747.97,5635,5682.07,2144.45,12188455.23,5683.72
1244,5682.02,5807.11,5667.84,5745.72,3226.22,18456304.76,5720.72
1245,5752.2,5776.31,5580,5609.55,2560.56,14437750.89,5638.52
1246,5609.54,5696,5534.32,5565,1749.03,9837183.59,5624.36
1247,5564.98,5630.98,5506.78,5615,3251.32,18121683.68,5573.64
1248,5615,5639.9,5550,5597.31,1544.38,8638955.41,5593.81
1249,5591.97,5597.34,5450.02,5503.3,2477.36,13629846.94,5501.77
1250,5503.56,5503.56,5238.87,5304.2,5624.89,30026664.58,5338.18
1251,5304.2,5446.39,5101.36,5383.86,7281.24,38363653.92,5268.84
1252,5383.86,5617.75,5362.75,5582.05,3578.19,19637084.14,5487.99
1253,5572.64,5670,5512.06,5594.99,2311.6,12945135,5600.09
1254,5594.81,5730.95,5546.03,5682.2,2454.12,13864244.38,5649.37
1255,5682.2,5735,5610.36,5671,3076.34,17463962.89,5676.86
1256,5671,5735.14,5617.75,5698.69,2077.78,11813974.3,5685.87
1257,5700,5726.24,5631,5670,1041.95,5924644.01,5686.1
1258,5665,5674.06,5589.8,5645,1330.13,7495512.43,5635.17
1259,5645,6000.1,5635,5939.99,8510.11,50274928.24,5907.67
1260,5939.41,6074,5924.14,5977.29,4226.87,25319215.2,5990.06
1261,5977.26,6145.42,5941.14,6078.01,4008.86,24235474.35,6045.48
1262,6078,6125,6039.18,6109,2266.71,13794320.12,6085.62
1263,6106.68,6180,5871,5992.97,6324.33,38232399.87,6045.29
1264,5992.98,6120,5948.88,6013.46,2757.53,16650310.49,6038.12
1265,6010.85,6071.07,5756,5861.95,3625,21258553.51,5864.43
1266,5858.39,5935,5700,5819.65,3351.62,19498353.15,5817.59
1267,5819.65,6039.79,5774,5972.01,2766.94,16408486.92,5930.2
1268,5972.01,6000,5837.58,5969,2488.96,14733412.57,5919.5
1269,5967.38,6045.34,5897.2,5934.55,2043.82,12207684.58,5972.98
1270,5934.48,5934.55,5769.23,5886.8,3261.55,19114136.06,5860.45
1271,5886.8,5895.5,5617.75,5845,5311.21,30498054.68,5742.2
1272,5845,6000,5766.04,5871.17,4715.06,27710167.84,5876.95
1273,5869.82,5870,5534.32,5710,5690.59,32252053.82,5667.61
1274,5710,5767,5604.28,5711.24,3364.23,19178048.48,5700.57
1275,5719.4,5740,5600.13,5716.93,3765.57,21361878,5672.95
1276,5716.91,5729.7,5453.01,5523.4,4466.34,24768249.89,5545.54
1277,5518.49,5561.99,5366,5480.1,3592.79,19598179.77,5454.86
1278,5480.1,5638.3,5477.38,5534.28,3036.38,16880780.32,5559.51
1279,5534.3,5561.99,5424.99,5530.33,2899.03,15950538.68,5502.02
1280,5530.29,5748,5520,5735.88,2820.9,15940912.36,5650.99
1281,5741.35,5788.4,5689.69,5736.06,1428.1,8195055.88,5738.42
1282,5730.73,5898,5683,5898,2453.84,14162882.49,5771.72
1283,5898,5988,5875.66,5960.47,4443.53,26396370.3,5940.41
1284,5961.01,5965,5788.4,5890,3462.83,20325143.13,5869.52
1285,5889.99,5994.06,5818.88,5826.02,2253.49,13326936.65,5913.9
1286,5826.02,5929.7,5788.4,5839.17,2092.69,12265725.18,5861.21
1287,5839.17,5839.99,5674.06,5722.87,5101.28,29324308.69,5748.42
1288,5723.67,5795,5680.01,5771.89,2463.58,14136823.92,5738.33
1289,5773.03,5875.66,5721.86,5797.7,1578.79,9139834.01,5789.15
1290,5792.98,5805.8,5674.06,5690.18,1518.3,8692279.27,5725.01
1291,5685.14,5749.14,5646.18,5730.95,2083.73,11881397.75,5701.98
1292,5730.95,5782,5702.43,5730.69,745.48,4279961.67,5741.21
1293,5731.7,5790,5683,5780.79,1126.38,6477526.5,5750.76
1294,5775,5855.69,5759.11,5805.9,3383.19,19682385.66,5817.71
1295,5805.9,6031.51,5755,5949.96,4519.23,26747806.9,5918.67
1296,5950.03,6316.85,5940,6137.37,7057.83,43454215.24,6156.88
1297,6133.01,6172.53,6078.03,6119.89,2106.8,12908509.95,6127.07
1298,6112.72,6229.77,6096,6165,2355.98,14534706.19,6169.29
1299,6158.9,6194.46,6024.03,6114.84,3504.01,21386174.89,6103.35
1300,6101.03,6144.57,6059.03,6119.99,1607.86,9807689.11,6099.84
1301,6120,6166,6107.82,6153.38,1278.84,7845049.3,6134.52
1302,6155,6234,6072.81,6233.99,2456.96,15095767.7,6144.07
1303,6232,6420,6181.14,6357.4,7275.29,46057706.14,6330.7
1304,6355.85,6449.78,6280.99,6434.21,2412.22,15355954.84,6365.9
1305,6434.24,6440.05,6340.01,6382.86,1321.32,8436107.58,6384.62
1306,6382.86,6591,6360,6546.36,3852.89,25074809.87,6508.05
1307,6550,6622.81,6451,6605,3965.29,25985264.53,6553.17
1308,6605,6756.36,6524.45,6741.59,3827.72,25395245.32,6634.57
1309,6745.04,6915.26,6722.65,6846.92,4474.91,30505009.66,6816.9
1310,6846.92,7354.1,6700,6950,10339.84,72493564.68,7011.09
1311,6963.33,7192.65,6720.45,6986.93,7748.42,54333208.91,7012.16
1312,6986.93,7129.83,6822,7030,3951.48,27647479.09,6996.75
1313,7030,7282,6925.22,7230.42,3414.57,24279312.68,7110.5
1314,7234.99,7500,7185.6,7317.5,4759.72,34963976.93,7345.81
1315,7317.5,7370,7159,7285.1,4656.26,33881097.39,7276.46
1316,7295.4,7347.91,7131.81,7146.82,3169.23,22913157.14,7229.88
1317,7145.24,7250.94,6994,7182.48,2871.25,20352624.81,7088.42
1318,7174.67,7260,7083.52,7124.97,1103.92,7896327.14,7152.98
1319,7120.76,7421.38,7120.76,7353.55,2508.78,18302432.53,7295.36
1320,7353.56,7569.9,7332.01,7388.83,2716.16,20178892.94,7429.19
1321,7388.79,7458,7275.16,7451.73,1512.14,11129335.12,7359.97
1322,7451.72,7577,7347.91,7547.78,1979.96,14781467.11,7465.52
1323,7547.58,7590,7473.01,7500.11,2105.73,15846154.98,7525.27
1324,7513,7570.56,7280,7372.72,3620.49,26874194.64,7422.8
1325,7373.3,7413,7073.95,7289.2,3383.85,24506591.95,7242.23
1326,7290.16,7400,7223.8,7316,3206.6,23435464.97,7308.51
1327,7316,7421.39,7030.33,7117.9,5773.16,41667851.04,7217.51
1328,7117.86,7174.31,6922.07,6967.68,6959.52,48932483.79,7031.01
1329,6967.64,7204.26,6945,7131.56,2414.87,17156275.28,7104.44
1330,7131.56,7218.01,7076.95,7195,2496.07,17894289.6,7168.99
1331,7194.8,7244.69,6956.88,7092.88,4239.04,29995259.3,7075.95
1332,7095.44,7148.61,6993,7130.28,2484.29,17587175.4,7079.37
1333,7131.38,7430,7083,7427.77,3728.68,27185291.53,7290.87
1334,7427.77,7490.58,7347.91,7450.01,2918.88,21601338.75,7400.56
1335,7450,7888,7421.39,7723.7,7608.03,58029996.52,7627.47
1336,7728.99,7739.55,7080.01,7450.32,10424.14,76684700.28,7356.46
1337,7465.06,7490,7276,7398.92,3375.24,24897447.25,7376.49
1338,7398.99,7419.6,7084.07,7130.75,5149.23,37188170.84,7222.08
1339,7127.72,7240.49,7061.2,7199.98,3571.36,25574182.89,7160.9
1340,7199.02,7250,7064.88,7148,2703.43,19325607.54,7148.56
1341,7150.61,7343.18,7131.37,7208,2446.57,17775675.87,7265.54
1342,7207.46,7248.89,6845.72,6875.39,5071.26,35726301.06,7044.86
1343,6880.09,6945.7,6718.49,6775,8091.97,55172614.89,6818.19
1344,6775,6778.43,6429.44,6588.18,11004.47,72609769.29,6598.2
1345,6588.18,6820,6573.35,6666.18,2313.55,15578218.71,6733.47
1346,6671.69,6778.88,6500,6500,2235.84,14842795.34,6638.57
1347,6500,6564.03,6300,6417.7,5949.24,38198407.75,6420.72
1348,6396.7,6503,6218,6355.13,4444.07,28180846.28,6341.22
1349,6355.13,6355.13,5750,5875,8263.93,50112993.85,6064.07
1350,5875,6488.88,5555.55,6417,14218.81,86148505.21,6058.77
1351,6415,6428.89,5960.17,6093.78,6549.55,40450805.19,6176.12
1352,6093.81,6262.63,5645,5870.37,8282.88,48852993.28,5898.07
1353,5870.03,6308.86,5846,6225.53,5341.55,32187928.97,6025.95
1354,6225.51,6586.11,6142.98,6516.67,6906.65,43984500.16,6368.43
1355,6516.67,6775.75,6425,6479.22,8657.18,57115959,6597.52
1356,6479.21,6585.85,6310,6525.17,6296.89,40682995.43,6460.81
1357,6524.69,6750,6524.69,6570.01,3230.4,21427232.29,6633
1358,6570.01,6636.85,6470.86,6549.45,2173.17,14264827.12,6564.05
1359,6549.67,6618.23,6466.88,6559.34,3149.23,20646255.9,6555.98
1360,6559.66,6651.97,6511.08,6609,3519.25,23170075.22,6583.8
1361,6609,6915.59,6609,6831.57,4141.46,28129749.22,6792.24
1362,6831.57,7124.37,6831.57,7108,2794.76,19480583,6970.4
1363,7110,7275.16,7089,7181.39,6112.53,43920579.36,7185.34
1364,7191,7350,7101,7294,3821.16,27640280.8,7233.48
1365,7294,7310,7120.85,7231.81,1968.63,14167465.02,7196.63
1366,7221.39,7538,7220,7410,5685.59,42178921.15,7418.56
1367,7408.31,7722.73,7380,7699.98,4238.27,31887325.61,7523.67
1368,7694.65,7976.79,7639,7846.96,7379.89,57504615.7,7792.07
1369,7846.96,7997,7790.34,7916.85,4451.65,35181613.73,7903.04
1370,7927.37,7927.37,7528.5,7807,5790.11,44656056.9,7712.46
1371,7807,7993.93,7734.52,7825,3892.99,30649211.82,7872.93
1372,7827.63,7869.44,7570.56,7674.99,3579.61,27637306.97,7720.76
1373,7675,7722.73,7431.54,7690.03,2629.36,19903789.43,7569.83
1374,7693.87,7824,7612.05,7799.96,1440.98,11147490.56,7736.04
1375,7799,7799.96,7633.3,7724.3,1665.21,12818685.85,7697.92
1376,7722.37,7858,7709.99,7771.03,1591.26,12395001.37,7789.44
1377,7775.55,7825.01,7722.73,7753.09,670.24,5209915.04,7773.2
1378,7753.59,7794,7675,7746.92,1225.31,9481689.15,7738.19
1379,7747.05,7960.4,7697,7960.4,3026.69,23563083.02,7785.11
1380,7960.4,8087.35,7884.85,8016.58,3385.54,27077377.43,7997.95
1381,8016.58,8042.1,7900,7950,1237.37,9851434.4,7961.57
1382,7950,8036.3,7922.36,8020.2,1766.64,14115144.22,7989.83
1383,8018.99,8268.2,8015.31,8216.36,3072.07,25112485.15,8174.46
1384,8216.36,8269.99,8154.24,8226.17,2103.38,17286944.03,8218.65
1385,8226.14,8253.14,7770,8050,5013.97,39978756.07,7973.48
1386,8048.96,8206.5,8009.62,8180.01,2114.58,17201126.49,8134.54
1387,8189.66,8354.46,8184.53,8298.22,2695.22,22303246.35,8275.11
1388,8298.07,8311.12,7935,8095.23,3862.74,31328134.58,8110.33
1389,8095.19,8187.99,8045.76,8128.19,1104.28,8965947.39,8119.26
1390,8128.19,8310.89,8102.71,8281,1914.25,15801947.65,8254.9
1391,8281,8290.04,8116.67,8150,2542.63,20842188.72,8197.08
1392,8149.46,8284,8075.01,8214.69,2517.42,20605627.96,8185.23
1393,8214.69,8279.76,8165.44,8249.13,1040.54,8554909.18,8221.59
1394,8249,8258.32,8058.69,8138.99,2610.74,21268234.9,8146.44
1395,8138.99,8234.73,8109.26,8167,2125,17349995.53,8164.69
1396,8166.74,8174.99,7980,7989,2035.51,16471600.78,8092.13
1397,7988.96,8116.67,7876,8112.18,2537.37,20319948.3,8008.27
1398,8110.49,8340,8105,8244.6,3520.77,28890337.25,8205.69
1399,8244.65,8261,8142.45,8225,1710.49,14015282.47,8193.74
1400,8224.98,8280,8180.9,8199.19,1521.36,12526300.73,8233.62
1401,8199.83,8223.87,8114.78,8185.14,2865.01,23389051.71,8163.69
1402,8185.12,8422.97,8160.9,8422.97,3584.19,29861547.89,8331.47
1403,8423.12,8689,8413,8670.99,3707.11,31777705.06,8572.09
1404,8670.96,8737,8586,8717.99,1455.36,12600620.12,8658.1
1405,8718,8877.08,8538.2,8855,2691.98,23536592.14,8743.23
1406,8855,8960.01,8789.19,8920,1697.21,15068340.61,8878.31
1407,8920,9300.5,8879.19,9165,2997.6,27309926.12,9110.61
1408,9164.96,9366.6,8971.11,9271.06,4634.43,42610956.58,9194.43
1409,9278.99,9597.78,9271.01,9524.92,2796.93,26451062.66,9457.17
1410,9524.92,9721.7,9267,9606.18,5222.41,49644934.04,9506.13
1411,9606.17,9675.26,9458,9558.97,3185.24,30541709.9,9588.5
1412,9558.97,9710,9462,9708.07,2067.86,19820411.07,9584.97
1413,9708.06,9858,9582.25,9857.92,1832.95,17827427.73,9726.09
1414,9850,9911.5,9723.64,9910,2390.4,23537593.21,9846.7
1415,9910,9920,9762,9920,3614.12,35643746.14,9862.36
1416,9920,9968,9848,9868.82,3377.46,33487988.76,9915.15
1417,9877.63,10743.61,9866.97,10083.99,5769.57,59042896.15,10233.5
1418,10069.12,10890.46,10000,10770.24,6612.7,69909034.09,10571.94
1419,10770.3,11395,10427.69,10565.5,9131.49,99345113.59,10879.39
1420,10565.5,10724.47,9250,9824.68,11918.58,118652518.4,9955.26
1421,9833.7,10618.29,9708.73,10359.12,3318.09,34089127.18,10273.73
1422,10370.13,10370.43,9465.64,9708,6549.44,65076209.62,9936.14
1423,9700,9935.58,9000,9602,10088,94376933.12,9355.37
1424,9599.55,10178.7,9423.2,9947.67,5477.93,53551580.86,9775.88
1425,9927.29,10079,9534.87,9589,2522.71,24744000.79,9808.5
1426,9589,10089.97,9370.11,9999.9,3520.73,34392656.11,9768.62
1427,9999.9,10744,9984.65,10450,7078.46,74234644.15,10487.4
1428,10450,10949.89,10440,10840.45,3586.13,38510459.57,10738.71
1429,10840.45,11082,10637.69,10923,2718.13,29634435.6,10902.53
1430,10922.99,11200,10790.01,10949,2310.85,25434495.85,11006.54
1431,10949.56,11146.01,10658.42,10888.58,2744.77,29850985.22,10875.6
1432,10888.55,11049.44,10831.72,10872,1493.42,16350167.72,10948.17
1433,10875.68,11121,10770.32,11060,1306.47,14325639.54,10965.19
1434,11060,11584.34,10979,11584.34,2156.88,24425848.83,11324.61
1435,11585.41,11800.01,11500,11662.95,3047.88,35515947.44,11652.67
1436,11662.95,11799.99,10513.16,11250,7727.3,85908854.63,11117.58
1437,11250,11533,11159.93,11445,2456.79,27895504.16,11354.44
1438,11445,11594.5,11000,11141.25,3462.53,39346013.97,11363.38
1439,11141.25,11409.89,10850,11312.38,4057.91,45456379.65,11201.91